step,lbm_open_boundary_semantics,row_role,step135_interior_reflection_candidate,step136_ramped_throughput_calibration_candidate,step137_ramp_target_refinement_candidate,step138_high_authority_outlet_candidate,step134_outlet_stationarity_candidate,step133_mass_damped_candidate,step132_authority_sweep_candidate,open_boundary_flux_control_measure_plane_offset,open_boundary_outlet_flux_drop_guard_enabled,open_boundary_outlet_flux_drop_guard_min_ratio,open_boundary_inlet_ramp_steps,open_boundary_inlet_ramp_profile,open_boundary_inlet_ramp_factor,open_boundary_flux_control_target_scale,target_outlet_flux,outlet_flux_raw_before_correction,outlet_flux_after_correction,outlet_flux_error,outlet_flux_error_filtered,correction_gain_effective,flow_correction_cap_u,correction_delta_abs_sum,correction_delta_abs_sum_run,controller_target_outlet_flux,controller_measured_outlet_flux,controller_raw_flux_error,controller_filtered_flux_error,controller_u_feedback,controller_u_feedback_abs,controller_density_feedback,controller_density_feedback_abs,controller_delta_cap_u,controller_slew_alpha,controller_authority_ratio,controller_saturation_count_step,controller_saturation_count_run,controller_saturation_fraction_run,controller_measure_plane_offset,controller_target_scale,controller_drop_guard_active_step,controller_drop_guard_activation_count_run,controller_drop_guard_activation_fraction_run,controller_drop_guard_reference_flux,controller_true_outlet_flux_for_guard,outlet_plane_ux_min,outlet_plane_ux_max,outlet_plane_ux_mean,outlet_plane_negative_ux_fraction,outlet_plane_rho_mean,outlet_plane_rho_std,midplane_flux,near_outlet_flux_xminus1,near_outlet_flux_xminus2,near_outlet_flux_xminus3,near_outlet_to_outlet_flux_ratio,x_profile_flux_samples,x_profile_ux_mean_samples,x_profile_rho_mean_samples,sampled_x_profile_flux,mass_total_delta_rel,validation_claim_allowed,selected96_claim_allowed
0,regularized_plane_flux_controlled_pressure_outlet,interior_reflection_diagnostic_48,False,False,False,True,False,False,False,2,True,0.7,90,linear,0.0,0.8,0.0,0.0,0.0,0.0,0.0,0.0,0.0075,0.0,0.0,0.0,0.0,0.0,0.0,0.0,0.0,0.0,0.0,0.0005,0.5,0.0,0,0,0.0,2,0.8,0,0,0.0,0.0,0.0,0.0,0.0,0.0,0.0,1.0,0.0,0.0,0.0,0.0,0.0,0.0,"{""0"":0.0,""12"":0.0,""18"":0.0,""24"":0.0,""30"":0.0,""36"":0.0,""42"":0.0,""45"":0.0,""46"":0.0,""47"":0.0,""6"":0.0}","{""0"":0.0,""12"":0.0,""18"":0.0,""24"":0.0,""30"":0.0,""36"":0.0,""42"":0.0,""45"":0.0,""46"":0.0,""47"":0.0,""6"":0.0}","{""0"":1.0,""12"":1.0,""18"":1.0,""24"":1.0,""30"":1.0,""36"":1.0,""42"":1.0,""45"":1.0,""46"":1.0,""47"":1.0,""6"":1.0}",0:0;6:0;12:0;18:0;24:0;30:0;36:0;42:0;45:0;46:0;47:0,0.0,False,False
5,regularized_plane_flux_controlled_pressure_outlet,interior_reflection_diagnostic_48,False,False,False,True,False,False,False,2,True,0.7,90,linear,0.05555555555555555,0.8,1.7546809398829195,0.01806692401354308,0.01806692401354308,1.7366140158693764,0.053216587752103806,0.75,0.0075,0.13354706764221191,0.23496082425117493,1.2640373706817627,0.00010031834244728088,1.2639370523393154,0.053216587752103806,1.2598165085364599e-05,1.2598165085364599e-05,2.51496174996646e-08,2.51496174996646e-08,0.0005,0.5,0.00167975534471528,0,0,0.0,2,0.8,0,0,0.0,1.2640373706817627,0.008106008172035217,7.346369329752633e-06,8.59808369568782e-06,8.53835682294807e-06,0.0,0.9999867704448718,1.2477966715017737e-08,0.0,0.004281630780272588,0.0005845874469313661,6.577745000191287e-05,0.23698725787870972,"{""0"":2.193351174853649,""12"":0.0,""18"":0.0,""24"":0.0,""30"":0.0,""36"":0.0,""42"":0.0,""45"":0.0005845874469313661,""46"":0.004281630780272588,""47"":0.01806692401354308,""6"":0.0}","{""0"":0.0010347002087291225,""12"":0.0,""18"":0.0,""24"":0.0,""30"":0.0,""36"":0.0,""42"":0.0,""45"":2.7627017329998843e-07,""46"":2.0234609372022057e-06,""47"":8.53835682294807e-06,""6"":0.0}","{""0"":1.001793185963748,""12"":0.9999998807907104,""18"":0.9999998807907104,""24"":0.9999998807907104,""30"":0.9999998807907104,""36"":0.9999998807907104,""42"":0.9999998807907104,""45"":0.9999995919222643,""46"":0.9999970719359097,""47"":0.9999867704448718,""6"":0.9999998807907104}",0:2.19335117485;6:0;12:0;18:0;24:0;30:0;36:0;42:0;45:0.000584587446931;46:0.00428163078027;47:0.0180669240135,6.233201853381664e-05,False,False
10,regularized_plane_flux_controlled_pressure_outlet,interior_reflection_diagnostic_48,False,False,False,True,False,False,False,2,True,0.7,90,linear,0.1111111111111111,0.8,3.8313083736561495,0.18931377782884773,0.18931377782884773,3.6419945958273017,0.3032206594944,0.75,0.0075,0.9238962531089783,2.977391004562378,3.4723451137542725,0.02675536647439003,3.4455897472798824,0.3032206594944,8.719123434275389e-05,8.719123434275389e-05,1.432989904515125e-07,1.432989904515125e-07,0.0005,0.5,0.011625497912367186,0,0,0.0,2,0.8,0,0,0.0,3.4723451137542725,0.13593530654907227,6.90718661644496e-05,9.205104288412258e-05,8.948143737325497e-05,0.0,0.9998471353534039,1.6202413622482106e-07,0.0,0.1031189527079809,0.04706854670569865,0.016977930044865266,0.544698615656,"{""0"":4.789135467070187,""12"":0.0,""18"":0.0,""24"":0.0,""30"":0.0,""36"":0.0,""42"":0.0007949937057281747,""45"":0.04706854670569865,""46"":0.1031189527079809,""47"":0.18931377782884773,""6"":0.08085412779470806}","{""0"":0.002254396047846314,""12"":0.0,""18"":0.0,""24"":0.0,""30"":0.0,""36"":0.0,""42"":3.757061290566668e-07,""45"":2.2244924911541472e-05,""46"":4.87369562955231e-05,""47"":8.948143737325497e-05,""6"":3.820878360794579e-05}","{""0"":1.0039496548009055,""12"":0.9999998807907104,""18"":0.9999998807907104,""24"":0.9999998807907104,""30"":0.9999998807907104,""36"":0.9999998807907104,""42"":0.999999422488456,""45"":0.9999636708563352,""46"":0.9999181595551719,""47"":0.9998471353534039,""6"":1.0000527721384298}",0:4.78913546707;6:0.0808541277947;12:0;18:0;24:0;30:0;36:0;42:0.000794993705728;45:0.0470685467057;46:0.103118952708;47:0.189313777829,0.000254908452196623,False,False
15,regularized_plane_flux_controlled_pressure_outlet,interior_reflection_diagnostic_48,False,False,False,True,False,False,False,2,True,0.7,90,linear,0.16666666666666666,0.8,5.630570956694424,0.5873602722482173,0.5873602722482173,5.043210684446207,0.698991596698761,0.75,0.0075,2.310645341873169,11.571136474609375,5.251297950744629,0.22055526077747345,5.0307426899671555,0.698991596698761,0.00021808379096910357,0.00021808379096910357,3.3033632007573033e-07,3.3033632007573033e-07,0.0005,0.5,0.029077838795880478,0,0,0.0,2,0.8,0,0,0.0,5.251297950744629,0.49255505204200745,0.00019714279915206134,0.00029140591504983604,0.0002777143252934488,0.0,0.9995179943641778,3.468247365491826e-07,0.0,0.42601599270136703,0.28787653560178605,0.1766808980567276,0.725306107392523,"{""0"":7.038213695868029,""12"":0.00020123832003771092,""18"":0.0,""24"":0.0,""30"":0.0,""36"":0.00010009296412416091,""42"":0.04353758351137834,""45"":0.28787653560178605,""46"":0.42601599270136703,""47"":0.5873602722482173,""6"":1.8486052664433996}","{""0"":0.0033069679671801654,""12"":9.510317631982796e-08,""18"":0.0,""24"":0.0,""30"":0.0,""36"":4.730292241512387e-08,""42"":2.0576113290287823e-05,""45"":0.00013607938952307945,""46"":0.00020140098220917848,""47"":0.0002777143252934488,""6"":0.0008723205097814333}","{""0"":1.0058139834151603,""12"":0.9999999898874917,""18"":0.9999998807907104,""24"":0.9999998807907104,""30"":0.9999998807907104,""36"":0.9999998294112813,""42"":0.9999664156558609,""45"":0.9997659670664367,""46"":0.9996517011596485,""47"":0.9995179943641778,""6"":1.0014964499861172}",0:7.03821369587;6:1.84860526644;12:0.000201238320038;18:0;24:0;30:0;36:0.000100092964124;42:0.0435375835114;45:0.287876535602;46:0.426015992701;47:0.587360272248,0.0005426546241841605,False,False
20,regularized_plane_flux_controlled_pressure_outlet,interior_reflection_diagnostic_48,False,False,False,True,False,False,False,2,True,0.7,90,linear,0.2222222222222222,0.8,7.568242724227251,1.1526180132883335,1.1526180132883335,6.415624710938918,1.204823613166809,0.75,0.0075,4.129820823669434,28.421226501464844,7.183106422424316,0.6368964910507202,6.546209931373596,1.204823613166809,0.00038978701923042536,0.00038978701923042536,5.69387395898957e-07,5.69387395898957e-07,0.0005,0.5,0.05197160256405672,0,0,0.0,2,0.8,0,0,0.0,7.183106422424316,1.0284260511398315,0.0003575296432245523,0.0005767488037236035,0.0005452339196338235,0.0,0.9990491645378967,5.975828821736557e-07,0.0,0.9381401396253632,0.7411003774008225,0.5627604883045535,0.8139211159375509,"{""0"":9.460303405284064,""12"":0.09247725680494788,""18"":0.0,""24"":0.0,""30"":2.541206796369205e-05,""36"":0.0010953228863587784,""42"":0.2713383693827136,""45"":0.7411003774008225,""46"":0.9381401396253632,""47"":1.1526180132883335,""6"":4.563571432424809}","{""0"":0.004436114541737324,""12"":4.3700885086999716e-05,""18"":0.0,""24"":0.0,""30"":1.20094856741458e-08,""36"":5.176388317438837e-07,""42"":0.0001282600608222384,""45"":0.0003504500094736708,""46"":0.0004436983054614712,""47"":0.0005452339196338235,""6"":0.0021486168916316065}","{""0"":1.0078312453227594,""12"":1.000065055314895,""18"":0.9999998807907104,""24"":0.9999998807907104,""30"":0.9999998752696753,""36"":0.9999992125482775,""42"":0.9997797541897779,""45"":0.9993909689789684,""46"":0.9992274467063986,""47"":0.9990491645378967,""6"":1.0037602452677454}",0:9.46030340528;6:4.56357143242;12:0.0924772568049;18:0;24:0;30:2.54120679637e-05;36:0.00109532288636;42:0.271338369383;45:0.741100377401;46:0.938140139625;47:1.15261801329,0.0009227206187572732,False,False
25,regularized_plane_flux_controlled_pressure_outlet,interior_reflection_diagnostic_48,False,False,False,True,False,False,False,2,True,0.7,90,linear,0.2777777777777778,0.8,9.470065222936652,1.8448114223099232,1.8448114223099232,7.625253800626729,1.7969409227371216,0.75,0.0075,6.292539596557617,55.477996826171875,9.089378356933594,1.2146474123001099,7.874730944633484,1.7969409227371216,0.0005939470138400793,0.0005939470138400793,8.492160077366862e-07,8.492160077366862e-07,0.0005,0.5,0.07919293517867725,0,0,0.0,2,0.8,0,0,0.0,9.089378356933594,1.6978117227554321,0.0005321460193954408,0.0009235808975063264,0.0008731721791195364,0.0,0.9984731826867859,8.43161189249979e-07,1.2181699187152456e-06,1.588556707285019,1.346001724239596,1.1185627027180003,0.8610943579783116,"{""0"":11.837581528670814,""12"":1.5523258543982563,""18"":0.000785423447532139,""24"":1.2181699187152456e-06,""30"":0.0001583620920154654,""36"":0.037732958853912604,""42"":0.7136886774477926,""45"":1.346001724239596,""46"":1.588556707285019,""47"":1.8448114223099232,""6"":6.784514851898025}","{""0"":0.005539985904637337,""12"":0.000732691814196591,""18"":3.71182940303483e-07,""24"":5.756947372081443e-10,""30"":7.484032480300163e-08,""36"":1.7832738779968436e-05,""42"":0.00033748004483338535,""45"":0.0006368145036925068,""46"":0.0007517229524157837,""47"":0.0008731721791195364,""6"":0.0031884530775837905}","{""0"":1.0098109117978462,""12"":1.001244480871298,""18"":1.0000004086974439,""24"":0.9999998807907104,""30"":0.9999997847641349,""36"":0.9999708539765814,""42"":0.9994137666006846,""45"":0.9988888494515464,""46"":0.9986868601834616,""47"":0.9984731826867859,""6"":1.005594242103609}",0:11.8375815287;6:6.7845148519;12:1.5523258544;18:0.000785423447532;24:1.21816991872e-06;30:0.000158362092015;36:0.0377329588539;42:0.713688677448;45:1.34600172424;46:1.58855670729;47:1.84481142231,0.0013883066854821712,False,False
30,regularized_plane_flux_controlled_pressure_outlet,interior_reflection_diagnostic_48,False,False,False,True,False,False,False,2,True,0.7,90,linear,0.3333333333333333,0.8,11.38945405501919,2.632186087264864,2.632186087264864,8.757267967754325,2.452430009841919,0.75,0.0075,8.708484649658203,94.17279815673828,11.004121780395508,1.9156506061553955,9.088471174240112,2.452430009841919,0.0008220119634643197,0.0008220119634643197,1.1589934274525149e-06,1.1589934274525149e-06,0.0005,0.5,0.10960159512857597,0,0,0.0,2,0.8,0,0,0.0,11.004121780395508,2.4684176445007324,0.0007094411994330585,0.0013193916529417038,0.0012466669031916211,0.0,0.9978160029999025,1.1094289015515862e-06,7.38203530037367e-05,2.3448378359354534,2.067807233289663,1.8020786580907886,0.8908328507928565,"{""0"":14.236817568773986,""12"":4.336643147044634,""18"":0.09456440798374892,""24"":7.38203530037367e-05,""30"":0.0012318715448248144,""36"":0.24066104745011474,""42"":1.3094195742430097,""45"":2.067807233289663,""46"":2.3448378359354534,""47"":2.632186087264864,""6"":9.19589947319041}","{""0"":0.006649653941598881,""12"":0.0020421397284030676,""18"":4.4686996840553955e-05,""24"":3.488675179428466e-08,""30"":5.821704716319488e-07,""36"":0.00011375625107247234,""42"":0.0006194881627108155,""45"":0.0009789010839673668,""46"":0.0011103046404497983,""47"":0.0012466669031916211,""6"":0.004313111620372433}","{""0"":1.0118120323958153,""12"":1.0035781004027744,""18"":1.0000686092840927,""24"":0.9999998483405447,""30"":0.9999990813673557,""36"":0.9998051356841126,""42"":0.9989194950275475,""45"":0.9982878016501608,""46"":0.9980564260527858,""47"":0.9978160029999025,""6"":1.0075991006677227}",0:14.2368175688;6:9.19589947319;12:4.33664314704;18:0.0945644079837;24:7.38203530037e-05;30:0.00123187154482;36:0.24066104745;42:1.30941957424;45:2.06780723329;46:2.34483783594;47:2.63218608726,0.0019341967014036017,False,False
35,regularized_plane_flux_controlled_pressure_outlet,interior_reflection_diagnostic_48,False,False,False,True,False,False,False,2,True,0.7,90,linear,0.3888888888888889,0.8,13.315751845163215,3.490219298707262,3.490219298707262,9.825532546455953,3.1568007469177246,0.75,0.0075,11.320157051086426,145.51007080078125,12.930228233337402,2.7088022232055664,10.221426010131836,3.1568007469177246,0.0010683878790587187,0.0010683878790587187,1.4918718989065383e-06,1.4918718989065383e-06,0.0005,0.5,0.14245171720782918,0,0,0.0,2,0.8,0,0,0.0,12.930228233337402,3.313870429992676,0.0008821904193609953,0.0017591349314898252,0.0016542430939034001,0.0,0.9970976215961525,1.3436600343212557e-06,0.0016519166578022985,3.1792235968293268,2.8762426769082037,2.582035830939382,0.9108950827264279,"{""0"":16.644689806454018,""12"":6.542371969354929,""18"":1.3211071398816143,""24"":0.0016519166578022985,""30"":0.03310330215853367,""36"":0.6608885586435665,""42"":2.022992067303832,""45"":2.8762426769082037,""46"":3.1792235968293268,""47"":3.490219298707262,""6"":11.571382551543842}","{""0"":0.007758898249895986,""12"":0.0030752637896498416,""18"":0.0006236732926295955,""24"":7.806782738447293e-07,""30"":1.5644692104911103e-05,""36"":0.0003124990919241787,""42"":0.0009576498572837864,""45"":0.0013625365935023065,""46"":0.0015064480016943303,""47"":0.0016542430939034001,""6"":0.005416672148531398}","{""0"":1.0138222541385427,""12"":1.005393215749124,""18"":1.001054396645108,""24"":1.0000008011698047,""30"":0.9999744066781944,""36"":0.9994576144364922,""42"":0.9983254706307485,""45"":0.9976125413900513,""46"":0.9973586928134605,""47"":0.9970976215961525,""6"":1.0095718133427019}",0:16.6446898065;6:11.5713825515;12:6.54237196935;18:1.32110713988;24:0.0016519166578;30:0.0331033021585;36:0.660888558644;42:2.0229920673;45:2.87624267691;46:3.17922359683;47:3.49021929871,0.002557373362127985,False,False
40,regularized_plane_flux_controlled_pressure_outlet,interior_reflection_diagnostic_48,False,False,False,True,False,False,False,2,True,0.7,90,linear,0.4444444444444444,0.8,15.248932184351169,4.401663554369881,4.401663554369881,10.847268629981288,3.8984341621398926,0.75,0.0075,14.076081275939941,210.2467041015625,14.861444473266602,3.5705060958862305,11.290938377380371,3.8984341621398926,0.0013287474866956472,0.0013287474866956472,1.8423602341499645e-06,1.8423602341499645e-06,0.0005,0.5,0.17716633155941963,0,0,0.0,2,0.8,0,0,0.0,14.861444473266602,4.215768814086914,0.0010466072708368301,0.00222787749953568,0.0020878385437303883,0.0,0.9963323140696452,1.580321498020479e-06,0.0938460677823226,4.072445820230981,3.7495406966239377,3.43343235473996,0.9252060658266216,"{""0"":19.06116523043896,""12"":8.93444848701891,""18"":4.077370751380646,""24"":0.0938460677823226,""30"":0.21322407944121813,""36"":1.2382330544870008,""42"":2.8242981409134096,""45"":3.7495406966239377,""46"":4.072445820230981,""47"":4.401663554369881,""6"":13.962957384596539}","{""0"":0.008867682389112185,""12"":0.004191384347624873,""18"":0.001920449449154786,""24"":4.434757427963721e-05,""30"":0.00010078505259345018,""36"":0.0005857753193009,""42"":0.001337871250109122,""45"":0.0017775398756816213,""46"":0.0019311443523212031,""47"":0.0020878385437303883,""6"":0.006523342141379833}","{""0"":1.015840846164916,""12"":1.0073804308876875,""18"":1.0033631587298921,""24"":1.0000674193883439,""30"":0.9998277538158492,""36"":0.9989788280993643,""42"":0.9976563706064495,""45"":0.9968809325156455,""46"":0.9966095276951564,""47"":0.9963323140696452,""6"":1.011560711270244}",0:19.0611652304;6:13.9629573846;12:8.93444848702;18:4.07737075138;24:0.0938460677823;30:0.213224079441;36:1.23823305449;42:2.82429814091;45:3.74954069662;46:4.07244582023;47:4.40166355437,0.0032552523120636828,False,False
45,regularized_plane_flux_controlled_pressure_outlet,interior_reflection_diagnostic_48,False,False,False,True,False,False,False,2,True,0.7,90,linear,0.5,0.8,17.19028809727586,5.353256240507866,5.353256240507866,11.837031856767995,4.668955326080322,0.75,0.0075,16.950876235961914,289.189208984375,16.801471710205078,4.484028339385986,12.317443370819092,4.668955326080322,0.0015999029856175184,0.0015999029856175184,2.2065007669880288e-06,2.2065007669880288e-06,0.0005,0.5,0.2133203980823358,0,0,0.0,2,0.8,0,0,0.0,16.801471710205078,5.160243511199951,0.0012008320773020387,0.0027181473560631275,0.0025412510466627206,0.0,0.9955308733117152,1.776123097022097e-06,1.1669900198700125,5.0100287552662515,4.671757855517252,4.338903846032654,0.9358843534063573,"{""0"":21.487860121594824,""12"":11.310693770756487,""18"":6.307260507819541,""24"":1.1669900198700125,""30"":0.6125295779789739,""36"":1.9352846696771864,""42"":3.6911528989929634,""45"":4.671757855517252,""46"":5.0100287552662515,""47"":5.353256240507866,""6"":16.36772435304151}","{""0"":0.00997671662937209,""12"":0.005295777552107979,""18"":0.0029653271925169093,""24"":0.0005510101821309876,""30"":0.0002896203528053725,""36"":0.0009160639881794578,""42"":0.0017497742315094095,""45"":0.0022164572954366233,""46"":0.0023776257485138086,""47"":0.0025412510466627206,""6"":0.007631732540650536}","{""0"":1.0178693842234368,""12"":1.0093531059858254,""18"":1.0051962183982077,""24"":1.0008832601608535,""30"":0.9995008374657658,""36"":0.9983988184277637,""42"":0.9969303417802984,""45"":0.9961059717126965,""46"":0.9958207890363181,""47"":0.9955308733117152,""6"":1.0135615250000656}",0:21.4878601216;6:16.367724353;12:11.3106937708;18:6.30726050782;24:1.16699001987;30:0.612529577979;36:1.93528466968;42:3.69115289899;45:4.67175785552;46:5.01002875527;47:5.35325624051,0.004026176130355681,False,False
50,regularized_plane_flux_controlled_pressure_outlet,interior_reflection_diagnostic_48,False,False,False,True,False,False,False,2,True,0.7,90,linear,0.5555555555555556,0.8,19.139209207051433,6.335516496666317,6.335516496666317,12.803692710385116,5.462130546569824,0.75,0.0075,19.915386199951172,382.8232421875,18.748769760131836,5.43662691116333,13.312142848968506,5.462130546569824,0.001879505580291152,0.001879505580291152,2.581347416708013e-06,2.581347416708013e-06,0.0005,0.5,0.25060074403882027,0,0,0.0,2,0.8,0,0,0.0,18.748769760131836,6.1369805335998535,0.0013441452756524086,0.0032241810113191605,0.003010049445758396,0.0,0.9947012339794343,1.938515676793606e-06,3.976483722159508,5.981222120934539,5.630979404970178,5.285065235764326,0.9440780596312544,"{""0"":23.92401150881429,""12"":13.694968669727327,""18"":8.674541550688954,""24"":3.976483722159508,""30"":1.2581975560361276,""36"":2.722254692791447,""42"":4.60759878277848,""45"":5.630979404970178,""46"":5.981222120934539,""47"":6.335516496666317,""6"":18.780385286857552}","{""0"":0.0110856262942343,""12"":0.0063995548629814615,""18"":0.0040703348992374815,""24"":0.0018736626262427088,""30"":0.0005951463227387604,""36"":0.0012894234317607934,""42"":0.0021858994340892028,""45"":0.0026737179671302404,""46"":0.00284086568707984,""47"":0.003010049445758396,""6"":0.008739364945126385}","{""0"":1.019906669291747,""12"":1.0113349070733797,""18"":1.0071612460176076,""24"":1.0029667099279356,""30"":0.9991021785314682,""36"":0.9977419845379594,""42"":0.9961604603578553,""45"":0.9952975745068156,""46"":0.9950014185195609,""47"":0.9947012339794343,""6"":1.0155698928017247}",0:23.9240115088;6:18.7803852869;12:13.6949686697;18:8.67454155069;24:3.97648372216;30:1.25819755604;36:2.72225469279;42:4.60759878278;45:5.63097940497;46:5.98122212093;47:6.33551649667,0.004868958073198119,False,False
55,regularized_plane_flux_controlled_pressure_outlet,interior_reflection_diagnostic_48,False,False,False,True,False,False,False,2,True,0.7,90,linear,0.6111111111111112,0.8,21.0958965506531,7.341313043141691,7.341313043141691,13.754583507511411,6.273324966430664,0.75,0.0075,22.94448471069336,491.3095703125,20.704015731811523,6.419086933135986,14.284928798675537,6.273324966430664,0.002165804151445627,0.002165804151445627,2.964709437947022e-06,2.964709437947022e-06,0.0005,0.5,0.28877388685941696,0,0,0.0,2,0.8,0,0,0.0,20.704015731811523,7.138544082641602,0.001476829405874014,0.0037415456026792526,0.0034909005632706774,0.0,0.9938492522291515,2.0594017294192453e-06,6.6476685793976635,6.978263716892956,6.618517599466596,6.262302675739829,0.9505470854988403,"{""0"":26.369870688316375,""12"":16.09682692437172,""18"":11.078010067544472,""24"":6.6476685793976635,""30"":2.840366096600585,""36"":3.5787666149500508,""42"":5.561493680067684,""45"":6.618517599466596,""46"":6.978263716892956,""47"":7.341313043141691,""6"":21.204663580349354}","{""0"":0.012194497637549285,""12"":0.007507100697590957,""18"":0.0051880356599752825,""24"":0.003127373588772751,""30"":0.0013433139634671637,""36"":0.0016963315405233697,""42"":0.002640569123302169,""45"":0.0031452616790572747,""46"":0.0033172373338611286,""47"":0.0034909005632706774,""6"":0.009847924814296319}","{""0"":1.0219528796204096,""12"":1.0133324531391121,""18"":1.0091180477453314,""24"":1.0045530046204312,""30"":0.9992566873479656,""36"":0.9970288072168715,""42"":0.9953567161733576,""45"":0.9944628351746525,""46"":0.9941577629691486,""47"":0.9938492522291515,""6"":1.0175883219575612}",0:26.3698706883;6:21.2046635803;12:16.0968269244;18:11.0780100675;24:6.6476685794;30:2.8403660966;36:3.57876661495;42:5.56149368007;45:6.61851759947;46:6.97826371689;47:7.34131304314,0.0057828061824879255,False,False
60,regularized_plane_flux_controlled_pressure_outlet,interior_reflection_diagnostic_48,False,False,False,True,False,False,False,2,True,0.7,90,linear,0.6666666666666666,0.8,23.060424026294704,8.365416860838161,8.365416860838161,14.695007165456543,7.099104881286621,0.75,0.0075,26.033334732055664,614.285888671875,22.666908264160156,7.424474239349365,15.242434024810791,7.099104881286621,0.002457501832395792,0.002457501832395792,3.3549645195307676e-06,3.3549645195307676e-06,0.0005,0.5,0.3276669109861056,0,0,0.0,2,0.8,0,0,0.0,22.666908264160156,8.15935230255127,0.0015991601394489408,0.004266742616891861,0.003981361707337095,0.0,0.9929792959883894,2.1481019549902547e-06,9.514076240891928,7.995249796237546,7.62785928760015,7.263406560715257,0.9557503145678832,"{""0"":28.82553003286838,""12"":18.507620004961705,""18"":13.59294283184564,""24"":9.514076240891928,""30"":6.113587626728183,""36"":4.565795351115069,""42"":6.544162033051764,""45"":7.62785928760015,""46"":7.995249796237546,""47"":8.365416860838161,""6"":23.63858839171504}","{""0"":0.013303347904629484,""12"":0.008614392146016586,""18"":0.0063541093607924325,""24"":0.004469265568242646,""30"":0.002887190329060592,""36"":0.0021656961451502013,""42"":0.0031097294448695317,""45"":0.0036280440911078482,""46"":0.003803981264739778,""47"":0.003981361707337095,""6"":0.01095647710029543}","{""0"":1.0240077409041175,""12"":1.015336542983587,""18"":1.0109794975904527,""24"":1.006035300193527,""30"":1.0006893663077363,""36"":0.996330891670712,""42"":0.9945263594726984,""45"":0.9936072203860616,""46"":0.9932947624721239,""47"":0.9929792959883894,""6"":1.0196152227474746}",0:28.8255300329;6:23.6385883917;12:18.507620005;18:13.5929428318;24:9.51407624089;30:6.11358762673;36:4.56579535112;42:6.54416203305;45:7.6278592876;46:7.99524979624;47:8.36541686084,0.006767222789839784,False,False
65,regularized_plane_flux_controlled_pressure_outlet,interior_reflection_diagnostic_48,False,False,False,True,False,False,False,2,True,0.7,90,linear,0.7222222222222222,0.8,25.0327463384072,9.403953157508713,9.403953157508713,15.628793180898487,7.936922073364258,0.75,0.0075,29.17548942565918,753.12255859375,24.637723922729492,8.44783878326416,16.189885139465332,7.936922073364258,0.0027536367997527122,0.0027536367997527122,3.7509087178477785e-06,3.7509087178477785e-06,0.0005,0.5,0.36715157330036163,0,0,0.0,2,0.8,0,0,0.0,24.637723922729492,9.195205688476562,0.0017120675183832645,0.004796956665813923,0.004479624252708713,0.0,0.9920946404704074,2.1940349116829485e-06,12.557882426848167,9.027924212907385,8.654306978185108,8.28332833524691,0.9600137369568793,"{""0"":31.290932923009,""12"":20.949672819567297,""18"":16.335135414664943,""24"":12.557882426848167,""30"":9.34197225898491,""36"":6.299761243920489,""42"":7.551895677192864,""45"":8.654306978185108,""46"":9.027924212907385,""47"":9.403953157508713,""6"":26.08317607561322}","{""0"":0.01441212417601849,""12"":0.009731886043329504,""18"":0.007623097898935043,""24"":0.005890777417426024,""30"":0.004406288348376885,""36"":0.00298863895336916,""42"":0.0035916632818170807,""45"":0.00411987201267121,""46"":0.0042991106660173065,""47"":0.004479624252708713,""6"":0.012065462356332922}","{""0"":1.0260711688062418,""12"":1.0173363821380306,""18"":1.0126871700998965,""24"":1.0074589438384332,""30"":1.001957241607749,""36"":0.9961658547472187,""42"":0.9936769561585046,""45"":0.9927346952301793,""46"":0.992416006236536,""47"":0.9920946404704074,""6"":1.0216507623799582}",0:31.290932923;6:26.0831760756;12:20.9496728196;18:16.3351354147;24:12.5578824268;30:9.34197225898;36:6.29976124392;42:7.55189567719;45:8.65430697819;46:9.02792421291;47:9.40395315751,0.007821919858953303,False,False
70,regularized_plane_flux_controlled_pressure_outlet,interior_reflection_diagnostic_48,False,False,False,True,False,False,False,2,True,0.7,90,linear,0.7777777777777778,0.8,27.013044479580657,10.454399502649657,10.454399502649657,16.558644976931,8.784831047058105,0.75,0.0075,32.348602294921875,908.10302734375,26.616357803344727,9.48677921295166,17.129578590393066,8.784831047058105,0.003053481224924326,0.003053481224924326,4.151621851633536e-06,4.151621851633536e-06,0.0005,0.5,0.4071308299899101,0,0,0.0,2,0.8,0,0,0.0,26.616357803344727,10.243366241455078,0.001816412783227861,0.005346291232854128,0.004984516283421951,0.0,0.9911977353528677,2.1990373801063044e-06,15.681660173057935,10.074021285654176,9.697448770982136,9.32793255682199,0.9636154886850197,"{""0"":33.76630559947582,""12"":23.499889681912943,""18"":19.257623087207286,""24"":15.681660173057935,""30"":12.516192633519045,""36"":9.610313092097414,""42"":8.652642320882665,""45"":9.697448770982136,""46"":10.074021285654176,""47"":10.454399502649657,""6"":28.53853175697516}","{""0"":0.015520903742687322,""12"":0.010895921037438201,""18"":0.00897303998828135,""24"":0.007346403447027355,""30"":0.005896766565076387,""36"":0.004554083940330083,""42"":0.004118525470643954,""45"":0.004620573675195689,""46"":0.004801575648974687,""47"":0.004984516283421951,""6"":0.013174911434119585}","{""0"":1.0281431160036243,""12"":1.0192641786005636,""18"":1.0142557108334647,""24"":1.0087905382501605,""30"":1.003091825936377,""36"":0.9972736519710328,""42"":0.9928676907698464,""45"":0.9918504776204241,""46"":0.9915247642926323,""47"":0.9911977353528677,""6"":1.023693939857537}",0:33.7663055995;6:28.538531757;12:23.4998896819;18:19.2576230872;24:15.6816601731;30:12.5161926335;36:9.6103130921;42:8.65264232088;45:9.69744877098;46:10.0740212857;47:10.4543995026,0.008946767497617603,False,False
75,regularized_plane_flux_controlled_pressure_outlet,interior_reflection_diagnostic_48,False,False,False,True,False,False,False,2,True,0.7,90,linear,0.8333333333333334,0.8,29.00119723932217,11.53205224567566,11.53205224567566,17.46914499364651,9.639676094055176,0.75,0.0075,35.556644439697266,1079.873046875,28.602874755859375,10.580275535583496,18.02259922027588,9.639676094055176,0.003356084693223238,0.003356084693223238,4.555612576950807e-06,4.555612576950807e-06,0.0005,0.5,0.44747795909643173,0,0,0.0,2,0.8,0,0,0.0,28.602874755859375,11.310195922851562,0.0019139363430440426,0.0059072403237223625,0.005503352402191387,0.0,0.9902925035847608,2.4480296718897897e-06,18.901064001190505,11.161631639199708,10.826143634006897,10.553941736246774,0.9678790384760134,"{""0"":36.25149654915271,""12"":26.25463894360589,""18"":22.31662608315106,""24"":18.901064001190505,""30"":15.834325839876644,""36"":13.074918859880563,""42"":10.39394014658942,""45"":10.826143634006897,""46"":11.161631639199708,""47"":11.53205224567566,""6"":31.01962359293784}","{""0"":0.016629593758905457,""12"":0.012152072274947402,""18"":0.010383297336602051,""24"":0.008843271143642908,""30"":0.007451226519304547,""36"":0.00618853121498575,""42"":0.004948927461154696,""45"":0.005162734402700579,""46"":0.005324698600331357,""47"":0.005503352402191387,""6"":0.014291857036283074}","{""0"":1.0302233182189595,""12"":1.0210362420978978,""18"":1.0157291338777272,""24"":1.0100836027096711,""30"":1.0042808339253264,""36"":0.9984691127261502,""42"":0.9925444073735653,""45"":0.9910102200981349,""46"":0.9906425001715893,""47"":0.9902925035847608,""6"":1.0257331316547718}",0:36.2514965492;6:31.0196235929;12:26.2546389436;18:22.3166260832;24:18.9010640012;30:15.8343258399;36:13.0749188599;42:10.3939401466;45:10.826143634;46:11.1616316392;47:11.5320522457,0.010141527944519675,False,False
80,regularized_plane_flux_controlled_pressure_outlet,interior_reflection_diagnostic_48,False,False,False,True,False,False,False,2,True,0.7,90,linear,0.8888888888888888,0.8,30.997368594462696,12.906804496905302,12.906804496905302,18.090564097557394,10.478424072265625,0.75,0.0075,38.728492736816406,1268.4326171875,30.59739112854004,12.121936798095703,18.475454330444336,10.478424072265625,0.0036553144454956055,0.0036553144454956055,4.951996743329801e-06,4.951996743329801e-06,0.0005,0.5,0.48737525939941406,0,0,0.0,2,0.8,0,0,0.0,30.59739112854004,12.565071105957031,0.002029904630035162,0.006560945417732,0.006164934035453994,0.0,0.989405718637324,5.583481106691328e-06,22.181985114018115,12.641373307143535,12.577830017394028,12.734754200443545,0.9794347865247816,"{""0"":38.74671074307837,""12"":29.198062652579882,""18"":25.482363157461613,""24"":22.181985114018115,""30"":19.159441614103862,""36"":16.333053894282003,""42"":13.620126115347743,""45"":12.577830017394028,""46"":12.641373307143535,""47"":12.906804496905302,""6"":33.592143622002716}","{""0"":0.01773827971753247,""12"":0.01349294392523199,""18"":0.011839922679507214,""24"":0.010365471270046283,""30"":0.009005714375908629,""36"":0.007723021622600178,""42"":0.006479151215644585,""45"":0.006000408735733641,""46"":0.006034700474274892,""47"":0.006164934035453994,""6"":0.015447318218762869}","{""0"":1.0323107359202013,""12"":1.022664133170602,""18"":1.0171281599592847,""24"":1.0113361720101368,""30"":1.0054215051952067,""36"":0.9994522658491856,""42"":0.9934359722135198,""45"":0.9906168323439777,""46"":0.9899681183194393,""47"":0.989405718637324,""6"":1.0277124423611141}",0:38.7467107431;6:33.592143622;12:29.1980626526;18:25.4823631575;24:22.181985114;30:19.1594416141;36:16.3330538943;42:13.6201261153;45:12.5778300174;46:12.6413733071;47:12.9068044969,0.011401261126114351,False,False
85,regularized_plane_flux_controlled_pressure_outlet,interior_reflection_diagnostic_48,False,False,False,True,False,False,False,2,True,0.7,90,linear,0.9444444444444444,0.8,33.00174722475699,15.917822153059518,15.917822153059518,17.08392507169747,11.200261116027832,0.75,0.0075,41.54523468017578,1469.9072265625,32.60023880004883,15.175248146057129,17.4249906539917,11.200261116027832,0.003921740222722292,0.003921740222722292,5.293129106576089e-06,5.293129106576089e-06,0.0005,0.5,0.5228986963629723,0,0,0.0,2,0.8,0,0,0.0,32.60023880004883,15.089192390441895,0.0023865122348070145,0.008119960315525532,0.007609177511409875,0.0,0.9886215882682169,8.592705709614976e-06,25.516558555960895,15.804262877451873,16.011590223937848,16.401841203290278,0.992865903732577,"{""0"":41.25218403094624,""12"":32.277997696610896,""18"":28.730504743715905,""24"":25.516558555960895,""30"":22.536128202016805,""36"":19.7498935915704,""42"":17.2226840883096,""45"":16.011590223937848,""46"":15.804262877451873,""47"":15.917822153059518,""6"":36.35395581242601}","{""0"":0.01884736070965746,""12"":0.014893995750244771,""18"":0.013331489409064779,""24"":0.01190925152670409,""30"":0.01058087653690854,""36"":0.009328457209526337,""42"":0.008183438662089239,""45"":0.0076339046138740145,""46"":0.007544886111765959,""47"":0.007609177511409875,""6"":0.016687566788148818}","{""0"":1.0343881084923483,""12"":1.0241913312098931,""18"":1.0184728364074613,""24"":1.0125626792641804,""30"":1.006563921844576,""36"":1.0005481193556902,""42"":0.9945982550402895,""45"":0.9912108272201398,""46"":0.9899240295580519,""47"":0.9886215882682169,""6"":1.0295466345176805}",0:41.2521840309;6:36.3539558124;12:32.2779976966;18:28.7305047437;24:25.516558556;30:22.536128202;36:19.7498935916;42:17.2226840883;45:16.0115902239;46:15.8042628775;47:15.9178221531,0.012684855649450814,False,False
90,regularized_plane_flux_controlled_pressure_outlet,interior_reflection_diagnostic_48,False,False,False,True,False,False,False,2,True,0.7,90,linear,1.0,0.8,35.01322989466343,21.47044807897051,21.47044807897051,13.542781815692923,11.65191650390625,0.75,0.0075,43.46646499633789,1684.296875,34.61058807373047,19.828781127929688,14.781806945800781,11.65191650390625,0.004102637991309166,0.004102637991309166,5.506577053893125e-06,5.506577053893125e-06,0.0005,0.5,0.5470183988412222,0,0,0.0,2,0.8,0,0,0.0,34.61058807373047,20.269859313964844,0.003526258748024702,0.011084290221333504,0.010270521836311315,0.0,0.9879472797106255,2.2081336909734937e-05,28.89386398428993,21.17325763087421,20.86369548094651,20.644510860964452,0.9861581627452207,"{""0"":43.76653736832929,""12"":35.466023090294385,""18"":32.04372658381914,""24"":28.89386398428993,""30"":25.941066566851795,""36"":23.150368028934857,""42"":20.751190565014806,""45"":20.86369548094651,""46"":21.17325763087421,""47"":21.47044807897051,""6"":39.3077864812921}","{""0"":0.01995797719567,""12"":0.016341916195667983,""18"":0.014849864580230136,""24"":0.013469477504313992,""30"":0.012165844473910354,""36"":0.010923064235265107,""42"":0.00985295392230896,""45"":0.009946043489457747,""46"":0.010110338710799518,""47"":0.010270521836311315,""6"":0.01801402979800636}","{""0"":1.0363651876300854,""12"":1.0256405299237183,""18"":1.0197768712764876,""24"":1.0137692355253296,""30"":1.0076957512330018,""36"":1.0016053549396067,""42"":0.9953133517098112,""45"":0.9913560447260202,""46"":0.9897141908427493,""47"":0.9879472797106255,""6"":1.031229506086537}",0:43.7665373683;6:39.3077864813;12:35.4660230903;18:32.0437265838;24:28.8938639843;30:25.9410665669;36:23.1503680289;42:20.751190565;45:20.8636954809;46:21.1732576309;47:21.470448079,0.013877038845103457,False,False
95,regularized_plane_flux_controlled_pressure_outlet,interior_reflection_diagnostic_48,False,False,False,True,False,False,False,2,True,0.7,90,linear,1.0,0.8,35.1170518261876,26.67356348756364,26.67356348756364,8.443488338623958,11.701289176940918,0.75,0.0075,43.98836898803711,1903.8525390625,35.24278259277344,25.20211410522461,10.040668487548828,11.701289176940918,0.004151713568717241,0.004151713568717241,5.529910140467109e-06,5.529910140467109e-06,0.0005,0.5,0.5535618091622989,0,0,0.0,2,0.8,0,0,0.0,35.24278259277344,25.764625549316406,0.004905051551759243,0.013436762616038322,0.01276519026040383,0.0,0.9875021118860839,1.886064839017867e-05,32.30678322079321,26.541067803110202,26.28810388597602,25.953609767093397,0.9950326965305849,"{""0"":43.8963147827345,""12"":38.737404500468,""18"":35.408859581832026,""24"":32.30678322079321,""30"":29.374316026995878,""36"":26.605097467263274,""42"":25.342413116402536,""45"":26.28810388597602,""46"":26.541067803110202,""47"":26.67356348756364,""6"":42.3901644976792}","{""0"":0.020020638316137353,""12"":0.017825118025733132,""18"":0.016388877004689568,""24"":0.01504278480689726,""30"":0.013760573721432703,""36"":0.012539876324990817,""42"":0.012031911781879885,""45"":0.012543703866453529,""46"":0.012684076422137086,""47"":0.01276519026040383,""6"":0.019397142911215432}","{""0"":1.0361842080978905,""12"":1.0270317961903737,""18"":1.0210504708758825,""24"":1.0149610889881906,""30"":1.0088232834532942,""36"":1.002663552817415,""42"":0.9954103659028593,""45"":0.9904229163503827,""46"":0.9888835191332325,""47"":0.9875021118860839,""6"":1.032797847555806}",0:43.8963147827;6:42.3901644977;12:38.7374045005;18:35.4088595818;24:32.3067832208;30:29.374316027;36:26.6050974673;42:25.3424131164;45:26.288103886;46:26.5410678031;47:26.6735634876,0.014847348362005538,False,False
100,regularized_plane_flux_controlled_pressure_outlet,interior_reflection_diagnostic_48,False,False,False,True,False,False,False,2,True,0.7,90,linear,1.0,0.8,34.91593556405959,30.868134050050614,30.868134050050614,4.047801514008974,11.211662292480469,0.75,0.0075,42.53819274902344,2120.448974609375,34.89817428588867,30.27092170715332,4.627252578735352,11.211662292480469,0.004015132784843445,0.004015132784843445,5.2985174079367425e-06,5.2985174079367425e-06,0.0005,0.5,0.535351037979126,0,0,0.0,2,0.8,0,0,0.0,34.89817428588867,30.045963287353516,0.0052250404842197895,0.015505245886743069,0.014769882655839853,0.0,0.987683272542034,9.867008565599348e-06,35.749556584347005,31.043886516245905,31.165054012759853,31.194291024108225,1.0056936537177894,"{""0"":43.644919455074486,""12"":42.07341869814225,""18"":38.81614036510314,""24"":35.749556584347005,""30"":32.83255301348723,""36"":30.2565569733695,""42"":30.847373126048858,""45"":31.165054012759853,""46"":31.043886516245905,""47"":30.868134050050614,""6"":45.39612959081785}","{""0"":0.019921863476247553,""12"":0.019334830356707237,""18"":0.01794394099643007,""24"":0.01662646758520627,""30"":0.015363482337855226,""36"":0.014247970447597395,""42"":0.014656767948919692,""45"":0.014873649542517468,""46"":0.014835158566766487,""47"":0.014769882655839853,""6"":0.020745407627756392}","{""0"":1.0353573231706097,""12"":1.0283790236384747,""18"":1.0223014606532619,""24"":1.0161420648850656,""30"":1.009947031173003,""36"":1.0035790151481592,""42"":0.9946467631086284,""45"":0.9902246842030541,""46"":0.988934212010389,""47"":0.987683272542034,""6"":1.0341555610270943}",0:43.6449194551;6:45.3961295908;12:42.0734186981;18:38.8161403651;24:35.7495565843;30:32.8325530135;36:30.2565569734;42:30.847373126;45:31.1650540128;46:31.0438865162;47:30.8681340501,0.015573948058378945,False,False
105,regularized_plane_flux_controlled_pressure_outlet,interior_reflection_diagnostic_48,False,False,False,True,False,False,False,2,True,0.7,90,linear,1.0,0.8,34.972602506791226,34.711284464664075,34.711284464664075,0.2613180421271508,10.333172798156738,0.75,0.0075,39.51094055175781,2324.506591796875,34.98204803466797,34.513545989990234,0.4685020446777344,10.333172798156738,0.003729281947016716,0.003729281947016716,4.883352175966138e-06,4.883352175966138e-06,0.0005,0.5,0.49723759293556213,0,0,0.0,2,0.8,0,0,0.0,34.98204803466797,33.98796463012695,0.005515656433999538,0.017425917088985443,0.016597600615475966,0.0,0.9883484188572896,1.2316726553058275e-05,39.218069814616015,35.04299534562627,35.30958331247193,35.521724324283234,1.0095562836719532,"{""0"":43.71575313348903,""12"":45.44941371907226,""18"":42.25847892151529,""24"":39.218069814616015,""30"":36.32555259346753,""36"":34.679326677315046,""42"":35.80143972750366,""45"":35.30958331247193,""46"":35.04299534562627,""47"":34.711284464664075,""6"":46.33112578067447}","{""0"":0.01996955026948159,""12"":0.020859800013079747,""18"":0.019511710783283603,""24"":0.018218580002910573,""30"":0.01697929798086686,""36"":0.01632619983255194,""42"":0.01701491137562471,""45"":0.016845259785965537,""46"":0.016737637263881167,""47"":0.016597600615475966,""6"":0.02118185726619398}","{""0"":1.0345609567791842,""12"":1.0296840629978756,""18"":1.0235354386565816,""24"":1.0173150573087775,""30"":1.0110579090217562,""36"":1.0038633443457419,""42"":0.9943854448531662,""45"":0.9906042860451177,""46"":0.9894461208683332,""47"":0.9883484188572896,""6"":1.033719030974718}",0:43.7157531335;6:46.3311257807;12:45.4494137191;18:42.2584789215;24:39.2180698146;30:36.3255525935;36:34.6793266773;42:35.8014397275;45:35.3095833125;46:35.0429953456;47:34.7112844647,0.01610782294150937,False,False
110,regularized_plane_flux_controlled_pressure_outlet,interior_reflection_diagnostic_48,False,False,False,True,False,False,False,2,True,0.7,90,linear,1.0,0.8,34.89918080276588,38.0662381427701,38.0662381427701,-3.16705734000422,9.155969619750977,0.75,0.0075,35.30060577392578,2510.483154296875,34.9100456237793,38.30934143066406,-3.3992958068847656,9.155969619750977,0.0033324069809168577,0.0033324069809168577,4.327017904870445e-06,4.327017904870445e-06,0.0005,0.5,0.4443209307889144,0,0,0.0,2,0.8,0,0,0.0,38.30934143066406,37.42277145385742,0.005637083202600479,0.01917165145277977,0.018182521299080524,0.0,0.9893965603667532,5.025304385077046e-06,42.709980428883625,38.561377596910965,39.0123986648847,39.4084132994477,1.0130073124715873,"{""0"":43.62397600345735,""12"":48.63604451395288,""18"":45.729227357232894,""24"":42.709980428883625,""30"":39.976625540650645,""36"":40.10185697191427,""42"":40.01143498470177,""45"":39.0123986648847,""46"":38.561377596910965,""47"":38.0662381427701,""6"":46.40925225261008}","{""0"":0.019949022227183463,""12"":0.02229833242193829,""18"":0.021089090448531318,""24"":0.019817996567902146,""30"":0.018667526698067417,""36"":0.018889975982070293,""42"":0.019008263930174855,""45"":0.018596899453621,""46"":0.018400851200512543,""47"":0.018182521299080524,""6"":0.021242864384837027}","{""0"":1.0334507766089953,""12"":1.0307972051470853,""18"":1.0247559095037457,""24"":1.0184819835232877,""30"":1.0120547063409269,""36"":1.0032816377163836,""42"":0.9947790440967719,""45"":0.9913930410417131,""46"":0.9903725246794959,""47"":0.9893965603667532,""6"":1.032477960694715}",0:43.6239760035;6:46.4092522526;12:48.636044514;18:45.7292273572;24:42.7099804289;30:39.9766255407;36:40.1018569719;42:40.0114349847;45:39.0123986649;46:38.5613775969;47:38.0662381428,0.016464053298139544,False,False
115,regularized_plane_flux_controlled_pressure_outlet,interior_reflection_diagnostic_48,False,False,False,True,False,False,False,2,True,0.7,90,linear,1.0,0.8,34.86630884788076,41.124939084944685,41.124939084944685,-6.258630237063926,7.748181343078613,0.75,0.0075,30.183555603027344,2673.212646484375,34.87364959716797,41.67073059082031,-6.797080993652344,7.748181343078613,0.0028487788513302803,0.0028487788513302803,3.6617116165871266e-06,3.6617116165871266e-06,0.0005,0.5,0.3798371801773707,0,0,0.0,2,0.8,0,0,0.0,41.67073059082031,40.53385543823242,0.00559751084074378,0.020710166543722153,0.019616752499820127,0.0,0.9907469548890632,5.212552633862421e-06,46.23264596474376,41.73127768312098,42.30346450742425,42.839646582386706,1.0147438175391308,"{""0"":43.58288605985095,""12"":49.92129039142495,""18"":49.21054135982968,""24"":46.23264596474376,""30"":44.262181387160204,""36"":45.24449925210531,""42"":43.78275701516411,""45"":42.30346450742425,""46"":41.73127768312098,""47"":41.124939084944685,""6"":46.81478713799451}","{""0"":0.019953517620900686,""12"":0.022897905485910523,""18"":0.02266804496924937,""24"":0.02142827718061816,""30"":0.020659214101990574,""36"":0.021319436632309792,""42"":0.02078347920003525,""45"":0.02014196666339606,""46"":0.019888065367169496,""47"":0.019616752499820127,""6"":0.021450257407886898}","{""0"":1.0322443587117474,""12"":1.0303485133810169,""18"":1.0259558463817733,""24"":1.0196364858312732,""30"":1.0125288525578655,""36"":1.002937555144099,""42"":0.9955600582358968,""45"":0.992561311515608,""46"":0.9916374856898375,""47"":0.9907469548890632,""6"":1.031432841135108}",0:43.5828860599;6:46.814787138;12:49.9212903914;18:49.2105413598;24:46.2326459647;30:44.2621813872;36:45.2444992521;42:43.7827570152;45:42.3034645074;46:41.7312776831;47:41.1249390849,0.016661909637149957,False,False
120,regularized_plane_flux_controlled_pressure_outlet,interior_reflection_diagnostic_48,False,False,False,True,False,False,False,2,True,0.7,90,linear,1.0,0.8,34.81743803044238,43.94607307855098,43.94607307855098,-9.128635048108599,6.1674652099609375,0.75,0.0075,24.363555908203125,2804.946044921875,34.827980041503906,44.729591369628906,-9.901611328125,6.1674652099609375,0.0023001539520919323,0.0023001539520919323,2.9146810902602738e-06,2.9146810902602738e-06,0.0005,0.5,0.30668719361225766,0,0,0.0,2,0.8,0,0,0.0,44.729591369628906,43.39754104614258,0.005506754852831364,0.022164395079016685,0.020929116315370346,0.0,0.992324651724224,4.398080097077431e-06,49.87826918130055,44.64203881000594,45.31174081815017,45.952027408291755,1.0158368127730313,"{""0"":43.52179753805297,""12"":50.08276154978291,""18"":52.447832860256256,""24"":49.87826918130055,""30"":49.539222965659675,""36"":49.57570502156077,""42"":47.132644935047864,""45"":45.31174081815017,""46"":44.64203881000594,""47"":43.94607307855098,""6"":46.971747616645125}","{""0"":0.019951248473693776,""12"":0.023003394658930795,""18"":0.024135918089317154,""24"":0.023093928596170335,""30"":0.02313123474122925,""36"":0.02335161343018836,""42"":0.022347461618174972,""45"":0.02154315650130363,""46"":0.021242915569947212,""47"":0.020929116315370346,""6"":0.02154966274171624}","{""0"":1.030914316837639,""12"":1.0289272131901832,""18"":1.026952516322776,""24"":1.0207006209063394,""30"":1.0121409433888577,""36"":1.0033108074295498,""42"":0.9967253756038633,""45"":0.9939948370528807,""46"":0.9931464990731224,""47"":0.992324651724224,""6"":1.0301160649000358}",0:43.5217975381;6:46.9717476166;12:50.0827615498;18:52.4478328603;24:49.8782691813;30:49.5392229657;36:49.5757050216;42:47.132644935;45:45.3117408182;46:44.64203881;47:43.9460730786,0.016713866189934392,False,False
125,regularized_plane_flux_controlled_pressure_outlet,interior_reflection_diagnostic_48,False,False,False,True,False,False,False,2,True,0.7,90,linear,1.0,0.8,34.76855246717772,46.591617807205694,46.591617807205694,-11.823065340027973,4.453841686248779,0.75,0.0075,18.02733612060547,2905.683349609375,34.77824783325195,47.558223724365234,-12.779975891113281,4.453841686248779,0.0017016958445310593,0.0017016958445310593,2.1048404050816316e-06,2.1048404050816316e-06,0.0005,0.5,0.22689277927080792,0,0,0.0,2,0.8,0,0,0.0,47.558223724365234,46.074058532714844,0.005385248456150293,0.02354368381202221,0.022149877203936515,0.0,0.994079683419662,5.914755695630089e-06,54.01646175474372,47.35657498579237,48.10148144703546,48.82413368122391,1.0164183433542067,"{""0"":43.46069058397215,""12"":50.62813713150108,""18"":53.92914436553744,""24"":54.01646175474372,""30"":54.82722028111214,""36"":53.468644258205266,""42"":50.1932048266262,""45"":48.10148144703546,""46"":47.35657498579237,""47"":46.591617807205694,""6"":47.123878717340425}","{""0"":0.01995059595195073,""12"":0.023279340258607596,""18"":0.024828411955632877,""24"":0.0249947533464774,""30"":0.025610375699159357,""36"":0.02516626105696625,""42"":0.023764390045942455,""45"":0.02283171600695622,""46"":0.02249605138323997,""47"":0.022149877203936515,""6"":0.021648190169558212}","{""0"":1.029500168415459,""12"":1.027807367659246,""18"":1.026523722423723,""24"":1.0213291106467437,""30"":1.0117311657939831,""36"":1.0040664754540347,""42"":0.9981597911263684,""45"":0.9956416104319866,""46"":0.994850452996382,""47"":0.994079683419662,""6"":1.0287481540204897}",0:43.460690584;6:47.1238787173;12:50.6281371315;18:53.9291443655;24:54.0164617547;30:54.8272202811;36:53.4686442582;42:50.1932048266;45:48.101481447;46:47.3565749858;47:46.5916178072,0.016629386334677088,False,False
130,regularized_plane_flux_controlled_pressure_outlet,interior_reflection_diagnostic_48,False,False,False,True,False,False,False,2,True,0.7,90,linear,1.0,0.8,34.71750229569657,49.107667139626685,49.107667139626685,-14.390164843930116,2.638833522796631,0.75,0.0075,11.281373977661133,2972.841552734375,34.728004455566406,50.214210510253906,-15.4862060546875,2.638833522796631,0.0010651976335793734,0.0010651976335793734,1.2470858337110258e-06,1.2470858337110258e-06,0.0005,0.5,0.14202635114391646,0,0,0.0,2,0.8,0,0,0.0,50.214210510253906,48.61323165893555,0.005296644754707813,0.02486550621688366,0.023301658296072062,0.0,0.9959718727265504,4.02122088509011e-06,58.79642709214298,49.92598283116404,50.72915640102947,51.515458288644304,1.0166637052664436,"{""0"":43.39687786962071,""12"":50.88978176242852,""18"":54.22065027026757,""24"":58.79642709214298,""30"":59.30415824081384,""36"":56.93525039106914,""42"":53.03044744608511,""45"":50.72915640102947,""46"":49.92598283116404,""47"":49.107667139626685,""6"":47.219437221550905}","{""0"":0.019950024661254173,""12"":0.02343122863597175,""18"":0.025000404323132563,""24"":0.027217816887159317,""30"":0.027693055285579245,""36"":0.02676738885346631,""42"":0.025066301616354158,""45"":0.02403525210211022,""46"":0.023672504681083312,""47"":0.023301658296072062,""6"":0.021722833598794025}","{""0"":1.0280176793807847,""12"":1.0264208563559447,""18"":1.02496069776764,""24"":1.0209195803717088,""30"":1.01203871421192,""36"":1.005208501011302,""42"":0.9998091372233483,""45"":0.9974519441112003,""46"":0.9967035815147912,""47"":0.9959718727265504,""6"":1.0272916253437843}",0:43.3968778696;6:47.2194372216;12:50.8897817624;18:54.2206502703;24:58.7964270921;30:59.3041582408;36:56.9352503911;42:53.0304474461;45:50.729156401;46:49.9259828312;47:49.1076671396,0.016415671255291635,False,False
135,regularized_plane_flux_controlled_pressure_outlet,interior_reflection_diagnostic_48,False,False,False,True,False,False,False,2,True,0.7,90,linear,1.0,0.8,34.66466069029579,51.528500117409216,51.528500117409216,-16.863839427113426,0.7457133531570435,0.75,0.0075,4.230013847351074,3009.003662109375,34.67522430419922,52.74361801147461,-18.06839370727539,0.7457133531570435,0.0003994569997303188,0.0003994569997303188,3.5241652085460373e-07,3.5241652085460373e-07,0.0005,0.5,0.05326093329737584,0,0,0.0,2,0.8,0,0,0.0,52.74361801147461,51.05072021484375,0.005196954123675823,0.026138151064515114,0.02440135484818362,0.0,0.9979714967014659,4.0589654421440475e-06,62.1755223307732,52.388549116839904,53.23718286485937,54.073159178166804,1.0166907439081487,"{""0"":43.33082586286974,""12"":51.13028574092344,""18"":55.30919910647812,""24"":62.1755223307732,""30"":63.280059779643,""36"":60.09557725740568,""42"":55.70080696030679,""45"":53.23718286485937,""46"":52.388549116839904,""47"":51.528500117409216,""6"":47.28161771763885}","{""0"":0.01994948939196695,""12"":0.023574864519768816,""18"":0.02554126689562641,""24"":0.02883846139370698,""30"":0.02952897572002615,""36"":0.02821321218469953,""42"":0.026280793796877935,""45"":0.025174642937250843,""46"":0.02479112787556875,""47"":0.02440135484818362,""6"":0.021783590103087627}","{""0"":1.026480239370595,""12"":1.0249873543957455,""18"":1.0234091339354705,""24"":1.0189298774434399,""30"":1.0127468608277506,""36"":1.006632943459855,""42"":1.0016245969301811,""45"":0.9993892410076408,""46"":0.9986737859215312,""47"":0.9979714967014659,""6"":1.0257747836396915}",0:43.3308258629;6:47.2816177176;12:51.1302857409;18:55.3091991065;24:62.1755223308;30:63.2800597796;36:60.0955772574;42:55.7008069603;45:53.2371828649;46:52.3885491168;47:51.5285001174,0.016077900263724382,False,False
140,regularized_plane_flux_controlled_pressure_outlet,interior_reflection_diagnostic_48,False,False,False,True,False,False,False,2,True,0.7,90,linear,1.0,0.8,34.610556043314965,53.87887556866684,53.87887556866684,-19.268319525351878,-1.2079366445541382,0.75,0.0075,3.0624706745147705,3019.335693359375,34.621517181396484,55.17890167236328,-20.557384490966797,-1.2079366445541382,-0.000288917071884498,0.000288917071884498,-5.708585604224936e-07,5.708585604224936e-07,0.0005,0.5,0.038522276251266405,0,0,0.0,2,0.8,0,0,0.0,55.17890167236328,53.41341018676758,0.005113763269037008,0.02737087942659855,0.025461190938905573,0.0,1.0000559235790951,4.386146435811343e-06,63.488851758649595,54.77223363373302,55.656972566261295,56.532000351668145,1.016580859485971,"{""0"":43.2631950541437,""12"":51.361923266327246,""18"":56.948363469013024,""24"":63.488851758649595,""30"":66.51007895798074,""36"":63.02308641913716,""42"":58.24830330740092,""45"":55.656972566261295,""46"":54.77223363373302,""47"":53.87887556866684,""6"":47.319829078207434}","{""0"":0.01994908213023878,""12"":0.023717726575847125,""18"":0.026364258727514748,""24"":0.02951805337111242,""30"":0.031010736584344733,""36"":0.029539418892691963,""42"":0.027429517334774278,""45"":0.026265371826324182,""46"":0.025865716243071202,""47"":0.025461190938905573,""6"":0.02183451769487943}","{""0"":1.0248987736683937,""12"":1.0234298304371212,""18"":1.0208530291943108,""24"":1.0164773263079458,""30"":1.0135823296125985,""36"":1.0082754230792221,""42"":1.0035685903070555,""45"":1.0014262494044854,""46"":1.0007358851414772,""47"":1.0000559235790951,""6"":1.024208952100606}",0:43.2631950541;6:47.3198290782;12:51.3619232663;18:56.948363469;24:63.4888517586;30:66.510078958;36:63.0230864191;42:58.2483033074;45:55.6569725663;46:54.7722336337;47:53.8788755687,0.015619913823832186,False,False
145,regularized_plane_flux_controlled_pressure_outlet,interior_reflection_diagnostic_48,False,False,False,True,False,False,False,2,True,0.7,90,linear,1.0,0.8,34.55536340744084,56.17815053711006,56.17815053711006,-21.62278712966922,-3.2089102268218994,0.75,0.0075,10.54319953918457,3055.497802734375,34.56639099121094,57.5450325012207,-22.978641510009766,-3.2089102268218994,-0.0009949493687599897,0.0009949493687599897,-1.5164982869464438e-06,1.5164982869464438e-06,0.0005,0.5,0.1326599158346653,0,0,0.0,2,0.8,0,0,0.0,57.5450325012207,55.72180938720703,0.005046627949923277,0.028558844700455666,0.026490725858122927,0.0,1.0022081495570776,5.8516322527163075e-06,64.62499045408438,57.09827238076463,58.011742214159874,58.917800476170164,1.0163786424945898,"{""0"":43.194204259301046,""12"":51.85451772464042,""18"":59.02060684514023,""24"":64.62499045408438,""30"":67.8006728417367,""36"":65.74374442928854,""42"":60.70422496013371,""45"":58.011742214159874,""46"":57.09827238076463,""47"":56.17815053711006,""6"":47.34104575297296}","{""0"":0.01994875531787993,""12"":0.023989148630425228,""18"":0.027404904999551918,""24"":0.03009473579334507,""30"":0.03161704955826776,""36"":0.030759925900787705,""42"":0.02852789380733762,""45"":0.027318886285366065,""46"":0.02690675176129041,""47"":0.026490725858122927,""6"":0.0218786953743556}","{""0"":1.023280926429031,""12"":1.021560243881943,""18"":1.017814259842348,""24"":1.0148409153766127,""30"":1.013456715584252,""36"":1.0100684736649346,""42"":1.0056137597515813,""45"":1.0035425334436456,""46"":1.0028711235703502,""47"":1.0022081495570776,""6"":1.0225988931263779}",0:43.1942042593;6:47.341045753;12:51.8545177246;18:59.0206068451;24:64.6249904541;30:67.8006728417;36:65.7437444293;42:60.7042249601;45:58.0117422142;46:57.0982723808;47:56.1781505371,0.0150445055019371,False,False
150,regularized_plane_flux_controlled_pressure_outlet,interior_reflection_diagnostic_48,False,False,False,True,False,False,False,2,True,0.7,90,linear,1.0,0.8,34.499196935709485,58.44038432012248,58.44038432012248,-23.941187384413,-5.2472453117370605,0.75,0.0075,18.170129776000977,3130.405029296875,34.510501861572266,59.86068344116211,-25.350181579589844,-5.2472453117370605,-0.001714891754090786,0.001714891754090786,-2.4797946025501005e-06,2.4797946025501005e-06,0.0005,0.5,0.22865223387877148,0,0,0.0,2,0.8,0,0,0.0,59.86068344116211,57.9903564453125,0.004991153255105019,0.029710520058870316,0.027496909632678503,0.0,1.0044154268469387,8.259844540818579e-06,65.07320013950525,59.38225278785044,60.31897296070358,61.249847193384774,1.016116739797066,"{""0"":43.123996169636854,""12"":53.06487209190614,""18"":60.453089190320924,""24"":65.07320013950525,""30"":67.50702011069686,""36"":67.96762310956387,""42"":63.090103625968716,""45"":60.31897296070358,""46"":59.38225278785044,""47"":58.44038432012248,""6"":47.39265715901704}","{""0"":0.01994846031045108,""12"":0.02461108852077508,""18"":0.028141913709533534,""24"":0.03034904647406388,""30"":0.03151077484832601,""36"":0.03174875684576338,""42"":0.02958665594052777,""45"":0.028343842216522655,""46"":0.027921946431001356,""47"":0.027496909632678503,""6"":0.021938580801443765}","{""0"":1.0216325870759095,""12"":1.0189960451905804,""18"":1.0152003663699434,""24"":1.0133115019937995,""30"":1.012460368849154,""36"":1.0117203765082223,""42"":1.007737423555612,""45"":1.0057222202054044,""46"":1.0050654003998734,""47"":1.0044154268469387,""6"":1.0209199288729685}",0:43.1239961696;6:47.392657159;12:53.0648720919;18:60.4530891903;24:65.0732001395;30:67.5070201107;36:67.9676231096;42:63.090103626;45:60.3189729607;46:59.3822527879;47:58.4403843201,0.01435369600453276,False,False
155,regularized_plane_flux_controlled_pressure_outlet,interior_reflection_diagnostic_48,False,False,False,True,False,False,False,2,True,0.7,90,linear,1.0,0.8,34.44230021699898,60.67528843541072,60.67528843541072,-26.23298821841174,-7.315350532531738,0.75,0.0075,25.912044525146484,3244.057373046875,34.45368576049805,62.137935638427734,-27.684249877929688,-7.315350532531738,-0.002445898251608014,0.002445898251608014,-3.457160119069158e-06,3.457160119069158e-06,0.0005,0.5,0.3261197668810686,0,0,0.0,2,0.8,0,0,0.0,62.137935638427734,60.23019027709961,0.004951446317136288,0.0308526698499918,0.02848456628199857,0.0,1.006667965639291,1.1299683262902059e-05,65.10190725056057,61.63468640187243,62.588926384043226,63.53609464820383,1.015812005038641,"{""0"":43.05287527124872,""12"":54.86247769188053,""18"":61.18856301676949,""24"":65.10190725056057,""30"":67.3562118565996,""36"":68.53702541305877,""42"":65.38790616465384,""45"":62.588926384043226,""46"":61.63468640187243,""47"":60.67528843541072,""6"":47.67243542112887}","{""0"":0.019948343492847197,""12"":0.025523707079824362,""18"":0.02854342177657266,""24"":0.030400223693975895,""30"":0.031456752425404744,""36"":0.03199842378905567,""42"":0.030598685957644565,""45"":0.029345438163595482,""46"":0.028916547774946375,""47"":0.02848456628199857,""6"":0.02210952450599634}","{""0"":1.0199534885712067,""12"":1.0158406804775246,""18"":1.0130952765112338,""24"":1.0120515837448532,""30"":1.0119300888594247,""36"":1.0122575715381392,""42"":1.0098971956619018,""45"":1.0079516401701027,""46"":1.00730730021383,""47"":1.006667965639291,""6"":1.0190107807207198}",0:43.0528752712;6:47.6724354211;12:54.8624776919;18:61.1885630168;24:65.1019072506;30:67.3562118566;36:68.5370254131;42:65.3879061647;45:62.588926384;46:61.6346864019;47:60.6752884354,0.013548894108712635,False,False
160,regularized_plane_flux_controlled_pressure_outlet,interior_reflection_diagnostic_48,False,False,False,True,False,False,False,2,True,0.7,90,linear,1.0,0.8,34.38463773440708,62.87880561463133,62.87880561463133,-28.494167880224254,-9.40640640258789,0.75,0.0075,33.745304107666016,3396.454833984375,34.396209716796875,64.3631362915039,-29.96692657470703,-9.40640640258789,-0.0031855471897870302,0.0031855471897870302,-4.445371814654209e-06,4.445371814654209e-06,0.0005,0.5,0.42473962530493736,0,0,0.0,2,0.8,0,0,0.0,64.3631362915039,62.44289016723633,0.004923738073557615,0.031977586448192596,0.02945204779975792,0.0,1.0089568782506233,1.4508115713715921e-05,64.80136726160407,63.84528797867121,64.79058783916477,65.69757548906139,1.0153705585625021,"{""0"":42.98079716800885,""12"":56.27232199432652,""18"":61.48674770938574,""24"":64.80136726160407,""30"":66.80609814271467,""36"":67.71425204225082,""42"":67.25149648783334,""45"":64.79058783916477,""46"":63.84528797867121,""47"":62.87880561463133,""6"":48.59848815312958}","{""0"":0.019949261140472664,""12"":0.026253506334389373,""18"":0.028733463583352124,""24"":0.030292539858428273,""30"":0.0312187824420726,""36"":0.031628077358776784,""42"":0.031411571407933596,""45"":0.03031033537212393,""46"":0.029886319148195784,""47"":0.02945204779975792,""6"":0.022594533766934998}","{""0"":1.018198932389005,""12"":1.0129649106744107,""18"":1.0112950245238883,""24"":1.010960633114741,""30"":1.0113175297842585,""36"":1.0118059363842913,""42"":1.0118098816146022,""45"":1.0101931379062241,""46"":1.0095776509359788,""47"":1.0089568782506233,""6"":1.0165138537581793}",0:42.980797168;6:48.5984881531;12:56.2723219943;18:61.4867477094;24:64.8013672616;30:66.8060981427;36:67.7142520423;42:67.2514964878;45:64.7905878392;46:63.8452879787;47:62.8788056146,0.012630818315465343,False,False
165,regularized_plane_flux_controlled_pressure_outlet,interior_reflection_diagnostic_48,False,False,False,True,False,False,False,2,True,0.7,90,linear,1.0,0.8,34.32370989282997,64.8976741215023,64.8976741215023,-30.573964228672338,-11.502426147460938,0.75,0.0075,41.62251663208008,3590.180419921875,34.33671569824219,66.28330993652344,-31.94659423828125,-11.502426147460938,-0.003928687889128923,0.003928687889128923,-5.435929779196158e-06,5.435929779196158e-06,0.0005,0.5,0.5238250518838565,0,0,0.0,2,0.8,0,0,0.0,66.28330993652344,64.53575897216797,0.00489718047901988,0.032974254339933395,0.030328565163824827,0.0,1.0112559603833522,1.4036087906457874e-05,64.23648548317932,65.79747375233856,66.5520572137845,67.1208581839228,1.013864897980036,"{""0"":42.904637366037456,""12"":56.97111910225558,""18"":61.37599152308253,""24"":64.23648548317932,""30"":66.06801127677402,""36"":67.11070262419162,""42"":67.58193767775558,""45"":66.5520572137845,""46"":65.79747375233856,""47"":64.8976741215023,""6"":50.20207083784017}","{""0"":0.019954787956335932,""12"":0.02663978535571049,""18"":0.028724373433129804,""24"":0.030056898230827626,""30"":0.030891191503270715,""36"":0.031350617285990395,""42"":0.0315424813081322,""45"":0.031073920656962142,""46"":0.030734351821840585,""47"":0.030328565163824827,""6"":0.023412223579736147}","{""0"":1.0161131538154948,""12"":1.0106695517475077,""18"":1.0097932799214,""24"":1.010002783881694,""30"":1.0107475782837896,""36"":1.0116556274417667,""42"":1.0125844662829473,""45"":1.0121686340843121,""46"":1.0117435170819944,""47"":1.0112559603833522,""6"":1.0133793186149886}",0:42.904637366;6:50.2020708378;12:56.9711191023;18:61.3759915231;24:64.2364854832;30:66.0680112768;36:67.1107026242;42:67.5819376778;45:66.5520572138;46:65.7974737523;47:64.8976741215,0.011600363958526047,False,False
170,regularized_plane_flux_controlled_pressure_outlet,interior_reflection_diagnostic_48,False,False,False,True,False,False,False,2,True,0.7,90,linear,1.0,0.8,34.2364365908869,65.68520903618112,65.68520903618112,-31.448772445294217,-13.519617080688477,0.75,0.0075,49.278987884521484,3822.651123046875,34.25860595703125,66.84593200683594,-32.58732604980469,-13.519617080688477,-0.0046514347195625305,0.0046514347195625305,-6.389233476511436e-06,6.389233476511436e-06,0.0005,0.5,0.6201912959416708,0,0,0.0,2,0.8,0,0,0.0,66.84593200683594,65.72940063476562,0.004750820808112621,0.03324948996305466,0.030630056217043452,0.0,1.0134542943286535,3.2963422587075845e-06,63.47530481582785,66.37027486618038,66.69128435630411,66.7506309634318,1.0104295295706818,"{""0"":42.79554573860863,""12"":57.23865505919873,""18"":60.96353961600943,""24"":63.47530481582785,""30"":65.1779989289368,""36"":66.2455071851881,""42"":66.59717036545526,""45"":66.69128435630411,""46"":66.37027486618038,""47"":65.68520903618112,""6"":51.60891769222474}","{""0"":0.019964179004734427,""12"":0.02681682333414001,""18"":0.02856768494868468,""24"":0.029725836498714766,""30"":0.030491470802260213,""36"":0.0309552316924043,""42"":0.031089458182376645,""45"":0.031110377174173615,""46"":0.030954455181081305,""47"":0.030630056217043452,""6"":0.024140883601554062}","{""0"":1.0130526576127807,""12"":1.0087100665150157,""18"":1.0085088554312016,""24"":1.0091493948871562,""30"":1.010202545355759,""36"":1.0113715667467713,""42"":1.0123585479471318,""45"":1.0131167781262858,""46"":1.0133080094320337,""47"":1.0134542943286535,""6"":1.010320855674311}",0:42.7955457386;6:51.6089176922;12:57.2386550592;18:60.963539616;24:63.4753048158;30:65.1779989289;36:66.2455071852;42:66.5971703655;45:66.6912843563;46:66.3702748662;47:65.6852090362,0.010478030741167805,False,False
175,regularized_plane_flux_controlled_pressure_outlet,interior_reflection_diagnostic_48,False,False,False,True,False,False,False,2,True,0.7,90,linear,1.0,0.8,34.07041753676082,63.51192061495307,63.51192061495307,-29.441503078192248,-15.283413887023926,0.75,0.0075,56.111167907714844,4091.283935546875,34.11087417602539,65.31504821777344,-31.204174041748047,-15.283413887023926,-0.0052970279939472675,0.0052970279939472675,-7.222785370686324e-06,7.222785370686324e-06,0.0005,0.5,0.7062703991929691,0,0,0.0,2,0.8,0,0,0.0,65.31504821777344,64.1648941040039,0.00396641343832016,0.03248568996787071,0.02955785473445096,0.0,1.0154659964975201,2.268107583289853e-05,62.559218452352184,64.25636826347068,64.83512001634944,65.26186530860342,1.0117213846048034,"{""0"":42.58802192095102,""12"":57.11053264792103,""18"":60.31455848715084,""24"":62.559218452352184,""30"":64.16024415416034,""36"":65.2488956543332,""42"":65.70502419572027,""45"":64.83512001634944,""46"":64.25636826347068,""47"":63.51192061495307,""6"":52.12142108139554}","{""0"":0.019953444099233313,""12"":0.02680062540276029,""18"":0.028294843941859174,""24"":0.029319365252256535,""30"":0.030031163128253973,""36"":0.030499090840652696,""42"":0.030670222360090597,""45"":0.03022689955235971,""46"":0.02993309708481165,""47"":0.02955785473445096,""6"":0.024444009199833572}","{""0"":1.0086820722189653,""12"":1.0070618641737052,""18"":1.0073939364100675,""24"":1.0083733452853725,""30"":1.0096685521882063,""36"":1.0110490164369175,""42"":1.012434144101206,""45"":1.0136765241622925,""46"":1.0144897455979835,""47"":1.0154659964975201,""6"":1.0076995352265514}",0:42.588021921;6:52.1214210814;12:57.1105326479;18:60.3145584872;24:62.5592184524;30:64.1602441542;36:65.2488956543;42:65.7050241957;45:64.8351200163;46:64.2563682635;47:63.511920615,0.009363789988121825,False,False
180,regularized_plane_flux_controlled_pressure_outlet,interior_reflection_diagnostic_48,False,False,False,True,False,False,False,2,True,0.7,90,linear,1.0,0.8,33.858595628889354,60.205720792436,60.205720792436,-26.347125163546643,-16.67026710510254,0.75,0.0075,61.621089935302734,4390.9130859375,33.897037506103516,62.54108810424805,-28.64405059814453,-16.67026710510254,-0.005816197954118252,0.005816197954118252,-7.878198630351108e-06,7.878198630351108e-06,0.0005,0.5,0.7754930605491003,0,0,0.0,2,0.8,0,0,0.0,62.54108810424805,60.78386688232422,0.0023426925763487816,0.03091053105890751,0.027967669844842166,0.0,1.017333275992388,5.5676156267958866e-05,61.52311430917049,60.99976814417571,61.89654029334979,62.76553301779536,1.0131889020061275,"{""0"":42.323244536111694,""12"":56.6385002370758,""18"":59.481959764549664,""24"":61.52311430917049,""30"":63.049355592556424,""36"":64.15649859400013,""42"":63.999309597005784,""45"":61.89654029334979,""46"":60.99976814417571,""47"":60.205720792436,""6"":51.59600728665647}","{""0"":0.019918675606609065,""12"":0.026617033470801424,""18"":0.02793161892620424,""24"":0.028854286765137474,""30"":0.029526382695160815,""36"":0.029998435155138205,""42"":0.02985937319555547,""45"":0.028803082644263376,""46"":0.02835973420007408,""47"":0.027967669844842166,""6"":0.024262732567814915}","{""0"":1.0041604723732052,""12"":1.005629841118544,""18"":1.0064089126420157,""24"":1.007657249843691,""30"":1.0091482138926682,""36"":1.0107115880640782,""42"":1.012918258716118,""45"":1.0155431806252448,""46"":1.0164824636311522,""47"":1.017333275992388,""6"":1.0050007006847115}",0:42.3232445361;6:51.5960072867;12:56.6385002371;18:59.4819597645;24:61.5231143092;30:63.0493555926;36:64.156498594;42:63.999309597;45:61.8965402933;46:60.9997681442;47:60.2057207924,0.008384009133073694,False,False
185,regularized_plane_flux_controlled_pressure_outlet,interior_reflection_diagnostic_48,False,False,False,True,False,False,False,2,True,0.7,90,linear,1.0,0.8,33.743964489767926,57.84711784276847,57.84711784276847,-24.103153353000543,-17.642488479614258,0.75,0.0075,65.58132934570312,4711.2060546875,33.75697326660156,59.37263870239258,-25.615665435791016,-17.642488479614258,-0.00618998846039176,0.00618998846039176,-8.33765989227686e-06,8.33765989227686e-06,0.0005,0.5,0.8253317947189014,0,0,0.0,2,0.8,0,0,0.0,59.37263870239258,58.2935905456543,0.00139787164516747,0.029810426756739616,0.026835966082192984,0.0,1.0187041841179751,1.986923019829016e-05,60.39305538438859,58.30705530950641,58.80730098463675,59.40830762562731,1.0079509141317649,"{""0"":42.17995561220991,""12"":55.73751930942163,""18"":58.502799451497935,""24"":60.39305538438859,""30"":61.86136803821505,""36"":62.90211378959768,""42"":60.92100476484711,""45"":58.80730098463675,""46"":58.30705530950641,""47"":57.84711784276847,""6"":49.90517997300462}","{""0"":0.019917958323616668,""12"":0.02623018497411454,""18"":0.02749613246852743,""24"":0.028343191480511423,""30"":0.028984772066197522,""36"":0.029420656306336376,""42"":0.028380013505522415,""45"":0.027319296301890072,""46"":0.02706724376509464,""47"":0.026835966082192984,""6"":0.023538514383274547}","{""0"":1.0007970020428496,""12"":1.0042320775512485,""18"":1.0055196433977729,""24"":1.006986290948828,""30"":1.008635437894183,""36"":1.0104063948183295,""42"":1.0144355516803287,""45"":1.017294376581513,""46"":1.0180378664982117,""47"":1.0187041841179751,""6"":1.0019761680542634}",0:42.1799556122;6:49.905179973;12:55.7375193094;18:58.5027994515;24:60.3930553844;30:61.8613680382;36:62.9021137896;42:60.9210047648;45:58.8073009846;46:58.3070553095;47:57.8471178428,0.007538772139418929,False,False
190,regularized_plane_flux_controlled_pressure_outlet,interior_reflection_diagnostic_48,False,False,False,True,False,False,False,2,True,0.7,90,linear,1.0,0.8,33.69419490384132,55.62885479685672,55.62885479685672,-21.9346598930154,-18.256507873535156,0.75,0.0075,68.13404846191406,5046.9970703125,33.705841064453125,56.7838134765625,-23.077972412109375,-18.256507873535156,-0.006431664805859327,0.006431664805859327,-8.627839633845724e-06,8.627839633845724e-06,0.0005,0.5,0.8575553074479103,0,0,0.0,2,0.8,0,0,0.0,56.7838134765625,56.05884552001953,0.0010844083735719323,0.02877780795097351,0.02578425152407297,0.0,1.0195934421511363,3.9773328032846695e-05,59.18885581983618,55.95261033811107,56.309393365864054,56.69024820845875,1.005819921018267,"{""0"":42.11774362980165,""12"":54.09311039226458,""18"":57.3724842265335,""24"":59.18885581983618,""30"":60.608714394298104,""36"":61.115705177426285,""42"":57.58858144579749,""45"":56.309393365864054,""46"":55.95261033811107,""47"":55.62885479685672,""6"":47.77494312114313}","{""0"":0.019937621677797886,""12"":0.025499636029854545,""18"":0.026987554040136228,""24"":0.02779561577590151,""30"":0.028412027266897642,""36"":0.028582531610342705,""42"":0.026784290922810067,""45"":0.02613232146849216,""46"":0.025949981510229866,""47"":0.02578425152407297,""6"":0.022598283577953345}","{""0"":0.9983352292293862,""12"":1.0025377025676359,""18"":1.0046761536192579,""24"":1.0063496456817778,""30"":1.0081328284312285,""36"":1.0104842485687457,""42"":1.0160994726903947,""45"":1.0183165562964116,""46"":1.0189727832667093,""47"":1.0195934421511363,""6"":0.9991034628481856}",0:42.1177436298;6:47.7749431211;12:54.0931103923;18:57.3724842265;24:59.1888558198;30:60.6087143943;36:61.1157051774;42:57.5885814458;45:56.3093933659;46:55.9526103381;47:55.6288547969,0.006804801571806723,False,False
195,regularized_plane_flux_controlled_pressure_outlet,interior_reflection_diagnostic_48,False,False,False,True,False,False,False,2,True,0.7,90,linear,1.0,0.8,33.62771898838766,53.66514673318656,53.66514673318656,-20.037427744798897,-18.588045120239258,0.75,0.0075,69.58165740966797,5382.7880859375,33.63950729370117,54.492008209228516,-20.852500915527344,-18.588045120239258,-0.006568446755409241,0.006568446755409241,-8.784521014604252e-06,8.784521014604252e-06,0.0005,0.5,0.8757929007212322,0,0,0.0,2,0.8,0,0,0.0,54.492008209228516,54.03445816040039,0.0005512317293323576,0.027913637459278107,0.024860649454575307,0.0,1.0201455706234015,3.1701242420219404e-05,57.91993084917573,53.84659375146024,54.06191170206116,54.314412742790765,1.0033810960990344,"{""0"":42.03464873548458,""12"":51.552203896361945,""18"":55.95828786327554,""24"":57.91993084917573,""30"":59.25453156229565,""36"":58.11811556514121,""42"":54.92142702826387,""45"":54.06191170206116,""46"":53.84659375146024,""47"":53.66514673318656,""6"":46.12642156997872}","{""0"":0.019935847233649915,""12"":0.02435521784332926,""18"":0.026347069964259565,""24"":0.027216312771492297,""30"":0.027789684973123688,""36"":0.0271510954993924,""42"":0.025519756990810483,""45"":0.02507147045887145,""46"":0.024957609987807362,""47"":0.024860649454575307,""6"":0.02186425002662611}","{""0"":0.9964541255977069,""12"":1.0003440948537707,""18"":1.003738532726616,""24"":1.0057354345776859,""30"":1.0076786223904621,""36"":1.0115664187811724,""42"":1.017058478354957,""45"":1.0190445430900739,""46"":1.0196189168833605,""47"":1.0201455706234015,""6"":0.9970002980561248}",0:42.0346487355;6:46.12642157;12:51.5522038964;18:55.9582878633;24:57.9199308492;30:59.2545315623;36:58.1181155651;42:54.9214270283;45:54.0619117021;46:53.8465937515;47:53.6651467332,0.006173343392395342,False,False
200,regularized_plane_flux_controlled_pressure_outlet,interior_reflection_diagnostic_48,False,False,False,True,False,False,False,2,True,0.7,90,linear,1.0,0.8,33.59311152637029,51.9284310431875,51.9284310431875,-18.335319516817208,-18.68721580505371,0.75,0.0075,70.13573455810547,5744.4091796875,33.59785842895508,52.45566940307617,-18.857810974121094,-18.68721580505371,-0.006619407795369625,0.006619407795369625,-8.831388186081313e-06,8.831388186081313e-06,0.0005,0.5,0.8825877060492834,0,0,0.0,2,0.8,0,0,0.0,52.45566940307617,52.26362991333008,0.000386255414923653,0.027147844433784485,0.024050185113113937,0.0,1.0203964620659618,2.943345084730686e-05,56.557411840624425,51.992471719976145,52.080555620082364,52.19670753095743,1.001233248829247,"{""0"":41.99138940796286,""12"":48.76430860728769,""18"":53.93164465730904,""24"":56.557411840624425,""30"":57.50600878526183,""36"":54.53554711312846,""42"":52.53810683517427,""45"":52.080555620082364,""46"":51.992471719976145,""47"":51.9284310431875,""6"":44.896140745521976}","{""0"":0.019941367962466296,""12"":0.023089233907427075,""18"":0.0254266275332172,""24"":0.026592586519388527,""30"":0.026973465632291648,""36"":0.0254384492500201,""42"":0.0243968307809662,""45"":0.02414360981531303,""46"":0.024090968302961847,""47"":0.024050185113113937,""6"":0.021312463109708076}","{""0"":0.9951531353542169,""12"":0.9981090281095306,""18"":1.0024167349410642,""24"":1.0051116117457586,""30"":1.0075258620519945,""36"":1.0131344808184581,""42"":1.017709138206363,""45"":1.0194292689316213,""46"":1.0199273428078635,""47"":1.0203964620659618,""6"":0.9955369836610296}",0:41.991389408;6:44.8961407455;12:48.7643086073;18:53.9316446573;24:56.5574118406;30:57.5060087853;36:54.5355471131;42:52.5381068352;45:52.0805556201;46:51.99247172;47:51.9284310432,0.005632067748850708,False,False
205,regularized_plane_flux_controlled_pressure_outlet,interior_reflection_diagnostic_48,False,False,False,True,False,False,False,2,True,0.7,90,linear,1.0,0.8,33.57026842112281,50.35255881030929,50.35255881030929,-16.78229038918648,-18.59850311279297,0.75,0.0075,69.9321060180664,6106.0302734375,33.57466506958008,50.65765380859375,-17.082988739013672,-18.59850311279297,-0.006600719876587391,0.006600719876587391,-8.789463208813686e-06,8.789463208813686e-06,0.0005,0.5,0.8800959835449855,0,0,0.0,2,0.8,0,0,0.0,50.65765380859375,50.65507888793945,0.0002244499046355486,0.026416845619678497,0.023319962994004174,0.0,1.0204131977882638,2.8585850966620193e-05,54.91935310568968,50.325553970527466,50.319891370554004,50.33769056943042,0.9994636848569393,"{""0"":41.962835526403516,""12"":46.563603536020544,""18"":51.128413420617846,""24"":54.91935310568968,""30"":54.692808845248926,""36"":51.60835699468912,""42"":50.445219446686835,""45"":50.319891370554004,""46"":50.325553970527466,""47"":50.35255881030929,""6"":43.86703401213333}","{""0"":0.019945545412515534,""12"":0.022082948526578536,""18"":0.024150153029804024,""24"":0.025841306958341838,""30"":0.025634656823850906,""36"":0.024050960586065626,""42"":0.023417398177934784,""45"":0.023324672878055376,""46"":0.023317068226951582,""47"":0.023319962994004174,""6"":0.020846399768277218}","{""0"":0.9942681445741924,""12"":0.9964744372043357,""18"":1.0005457500428918,""24"":1.0043811444298756,""30"":1.0082638443981091,""36"":1.0140789249218254,""42"":1.0180481170886857,""45"":1.0195518049828722,""46"":1.019996183693747,""47"":1.0204131977882638,""6"":0.9944666796179034}",0:41.9628355264;6:43.8670340121;12:46.563603536;18:51.1284134206;24:54.9193531057;30:54.6928088452;36:51.6083569947;42:50.4452194467;45:50.3198913706;46:50.3255539705;47:50.3525588103,0.00517264433925773,False,False
210,regularized_plane_flux_controlled_pressure_outlet,interior_reflection_diagnostic_48,False,False,False,True,False,False,False,2,True,0.7,90,linear,1.0,0.8,33.554663341372965,48.918395603565,48.918395603565,-15.363732262192038,-18.358104705810547,0.75,0.0075,69.1327896118164,6446.9873046875,33.55677795410156,49.03765869140625,-15.480880737304688,-18.358104705810547,-0.006525814067572355,0.006525814067572355,-8.67585367814172e-06,8.67585367814172e-06,0.0005,0.5,0.8701085423429807,0,0,0.0,2,0.8,0,0,0.0,49.03765869140625,49.195125579833984,0.00017367457621730864,0.02576344832777977,0.022659633441700057,0.0,1.0202384431105256,2.6075469622673455e-05,52.453947323725885,48.81729954680066,48.732527659981876,48.66610506584866,0.9979333734167485,"{""0"":41.943329176716205,""12"":44.9082746650433,""18"":48.129628149318535,""24"":52.453947323725885,""30"":50.99912557723132,""36"":49.07140282080407,""42"":48.598192903499154,""45"":48.732527659981876,""46"":48.81729954680066,""47"":48.918395603565,""6"":43.09073247093699}","{""0"":0.01994747011121257,""12"":0.021321400478092417,""18"":0.022778200805530256,""24"":0.02470380213072137,""30"":0.023869764790128624,""36"":0.02285562001989247,""42"":0.02255824085652132,""45"":0.02259080564882323,""46"":0.02262120940272265,""47"":0.022659633441700057,""6"":0.020491580666178864}","{""0"":0.9937101231292876,""12"":0.9953817440679258,""18"":0.9985669107090097,""24"":1.0034699947599652,""30"":1.0096952880826024,""36"":1.0146579958202708,""42"":1.018127500503861,""45"":1.0194650496900195,""46"":1.0198631044371593,""47"":1.0202384431105256,""6"":0.9937829054145597}",0:41.9433291767;6:43.0907324709;12:44.908274665;18:48.1296281493;24:52.4539473237;30:50.9991255772;36:49.0714028208;42:48.5981929035;45:48.73252766;46:48.8172995468;47:48.9183956036,0.004787340563638036,False,False
215,regularized_plane_flux_controlled_pressure_outlet,interior_reflection_diagnostic_48,False,False,False,True,False,False,False,2,True,0.7,90,linear,1.0,0.8,33.54870793861377,47.59726429051612,47.59726429051612,-14.048556351902356,-17.995206832885742,0.75,0.0075,67.85555267333984,6782.7783203125,33.54941177368164,47.567138671875,-14.01772689819336,-17.995206832885742,-0.0064055100083351135,0.0064055100083351135,-8.504352081217803e-06,8.504352081217803e-06,0.0005,0.5,0.8540680011113485,0,0,0.0,2,0.8,0,0,0.0,47.567138671875,47.853759765625,0.00010875422594835982,0.025154370814561844,0.022054776794844407,0.0,1.0199098899707002,2.401395468926134e-05,48.38993490554756,47.436450718946546,47.28833720291961,47.15433933832254,0.9966213694428312,"{""0"":41.9358849232672,""12"":43.549172450675,""18"":45.69448599703955,""24"":48.38993490554756,""30"":47.60762413056446,""36"":46.81835413646584,""42"":46.9375257914802,""45"":47.28833720291961,""46"":47.436450718946546,""47"":47.59726429051612,""6"":42.49010676214456}","{""0"":0.01994991642713462,""12"":0.020692360856708458,""18"":0.02165639228502747,""24"":0.022805405883423578,""30"":0.022265100042029355,""36"":0.021800085224243346,""42"":0.021789972536025538,""45"":0.021926864114175604,""46"":0.021987715991049376,""47"":0.022054776794844407,""6"":0.020214048192580186}","{""0"":0.9934119521050462,""12"":0.9946051425879754,""18"":0.9971288435851243,""24"":1.0027677829752346,""30"":1.0105110453072026,""36"":1.0149552844647876,""42"":1.0180054523318387,""45"":1.0192057653163016,""46"":1.0195665848503042,""47"":1.0199098899707002,""6"":0.9933845211235922}",0:41.9358849233;6:42.4901067621;12:43.5491724507;18:45.694485997;24:48.3899349055;30:47.6076241306;36:46.8183541365;42:46.9375257915;45:47.2883372029;46:47.4364507189;47:47.5972642905,0.004470205107010155,False,False
220,regularized_plane_flux_controlled_pressure_outlet,interior_reflection_diagnostic_48,False,False,False,True,False,False,False,2,True,0.7,90,linear,1.0,0.8,33.54793377082169,46.3656222596358,46.3656222596358,-12.817688488814106,-17.53342628479004,0.75,0.0075,66.19186401367188,7118.5693359375,33.54769515991211,46.21527862548828,-12.667583465576172,-17.53342628479004,-0.006248553283512592,0.006248553283512592,-8.286118827527389e-06,8.286118827527389e-06,0.0005,0.5,0.833140437801679,0,0,0.0,2,0.8,0,0,0.0,46.21527862548828,46.60588836669922,5.008235893910751e-05,0.02459108456969261,0.02149362341313872,0.0,1.0194577282903776,2.13938914043147e-05,43.17303051429637,46.15621284441826,45.95693100942062,45.76914787211287,0.9954835197930723,"{""0"":41.934917213527115,""12"":42.50215921157711,""18"":43.639420258183904,""24"":43.17303051429637,""30"":44.218750349438054,""36"":44.79786068037785,""42"":45.43221508561933,""45"":45.95693100942062,""46"":46.15621284441826,""47"":46.3656222596358,""6"":42.021638545180735}","{""0"":0.019951438320895732,""12"":0.020204149098660116,""18"":0.0206981735580842,""24"":0.0203458679159156,""30"":0.020681440289603486,""36"":0.020859354863941075,""42"":0.02109715365218804,""45"":0.021317864072768568,""46"":0.02140328310803641,""47"":0.02149362341313872,""6"":0.019994763323334303}","{""0"":0.9933132862774321,""12"":0.9941476446300013,""18"":0.9963722353790568,""24"":1.0027844563887114,""30"":1.0104654853307908,""36"":1.0149532284425653,""42"":1.0177146952409148,""45"":1.018807693837045,""46"":1.019139883592584,""47"":1.0194577282903776,""6"":0.9932051898739063}",0:41.9349172135;6:42.0216385452;12:42.5021592116;18:43.6394202582;24:43.1730305143;30:44.2187503494;36:44.7978606804;42:45.4322150856;45:45.9569310094;46:46.1562128444;47:46.3656222596,0.004216416905591266,False,False
225,regularized_plane_flux_controlled_pressure_outlet,interior_reflection_diagnostic_48,False,False,False,True,False,False,False,2,True,0.7,90,linear,1.0,0.8,33.55203349849135,45.20364512501375,45.20364512501375,-11.651611626522403,-16.99164390563965,0.75,0.0075,64.21449279785156,7449.1943359375,33.55093765258789,44.95713806152344,-11.406200408935547,-16.99164390563965,-0.006061960943043232,0.006061960943043232,-8.030077879084274e-06,8.030077879084274e-06,0.0005,0.5,0.808261459072431,0,0,0.0,2,0.8,0,0,0.0,44.95713806152344,45.431190490722656,2.0896506612189114e-05,0.02408965863287449,0.020966320604522123,0.0,1.0189059412772354,1.89587857842597e-05,38.80022613241993,44.95535472548811,44.714592145521124,44.482053207118554,0.9945072925238887,"{""0"":41.94004187311418,""12"":41.66596019120861,""18"":41.16723938227234,""24"":38.80022613241993,""30"":40.45110825898353,""36"":42.78793986679113,""42"":44.04308801033309,""45"":44.714592145521124,""46"":44.95535472548811,""47"":45.20364512501375,""6"":41.661853042187104}","{""0"":0.019952692577372425,""12"":0.01981061671164885,""18"":0.01952191869671765,""24"":0.018280853052338692,""30"":0.018935253234850402,""36"":0.019930441484883318,""42"":0.020460780683711446,""45"":0.020751972236217327,""46"":0.02085731553529642,""47"":0.020966320604522123,""6"":0.019823581079661052}","{""0"":0.9933722825942733,""12"":0.9939490630800196,""18"":0.9965488376317718,""24"":1.0030195800365707,""30"":1.0096304278067245,""36"":1.014603981223584,""42"":1.0172833785668212,""45"":1.0182973480517563,""46"":1.0186077146764514,""47"":1.0189059412772354,""6"":0.9932041103706919}",0:41.9400418731;6:41.6618530422;12:41.6659601912;18:41.1672393823;24:38.8002261324;30:40.451108259;36:42.7879398668;42:44.0430880103;45:44.7145921455;46:44.9553547255;47:45.203645125,0.004022193564983494,False,False
230,regularized_plane_flux_controlled_pressure_outlet,interior_reflection_diagnostic_48,False,False,False,True,False,False,False,2,True,0.7,90,linear,1.0,0.8,33.55994040558046,44.09366878079955,44.09366878079955,-10.533728375219084,-16.384700775146484,0.75,0.0075,61.99165725708008,7759.1552734375,33.558143615722656,43.767574310302734,-10.209430694580078,-16.384700775146484,-0.005851277150213718,0.005851277150213718,-7.743243259028532e-06,7.743243259028532e-06,0.0005,0.5,0.7801702866951625,0,0,0.0,2,0.8,0,0,0.0,43.767574310302734,44.31263732910156,-2.1469013518071733e-05,0.023609472438693047,0.020464204274990985,0.001890359168241966,1.0182735450664404,1.6241842873012575e-05,35.653514430407014,43.81268753470818,43.53487893853365,43.25935055065642,0.9936276283226013,"{""0"":41.949925506975575,""12"":40.83967700190941,""18"":37.98168184892677,""24"":35.653514430407014,""30"":36.80404141284714,""36"":40.46520469052615,""42"":42.70478374000594,""45"":43.53487893853365,""46"":43.81268753470818,""47"":44.09366878079955,""6"":41.3815221592356}","{""0"":0.019953723890365354,""12"":0.019415369863793653,""18"":0.01798629281692588,""24"":0.01679534428557897,""30"":0.01724913903605424,""36"":0.01886562902305631,""42"":0.01985032819626584,""45"":0.020216509230501573,""46"":0.02033955092230864,""47"":0.020464204274990985,""6"":0.01968747460701906}","{""0"":0.993555091560901,""12"":0.9940656615396528,""18"":0.9979237757749954,""24"":1.0032080052480354,""30"":1.0083651440693435,""36"":1.0137001952624727,""42"":1.0167075858675014,""45"":1.0176915756245417,""46"":1.017988183378948,""47"":1.0182735450664404,""6"":0.9933411131396411}",0:41.949925507;6:41.3815221592;12:40.8396770019;18:37.9816818489;24:35.6535144304;30:36.8040414128;36:40.4652046905;42:42.70478374;45:43.5348789385;46:43.8126875347;47:44.0936687808,0.003884633236623967,False,False
235,regularized_plane_flux_controlled_pressure_outlet,interior_reflection_diagnostic_48,False,False,False,True,False,False,False,2,True,0.7,90,linear,1.0,0.8,33.57067091713765,43.00142272153299,43.00142272153299,-9.430751804395342,-15.722800254821777,0.75,0.0075,59.53890609741211,8069.1162109375,33.568302154541016,42.600860595703125,-9.03255844116211,-15.722800254821777,-0.005620480515062809,0.005620480515062809,-7.430435744026909e-06,7.430435744026909e-06,0.0005,0.5,0.7493974020083746,0,0,0.0,2,0.8,0,0,0.0,42.600860595703125,43.22200012207031,-5.4483367421198636e-05,0.023139091208577156,0.0199710246916458,0.001890359168241966,1.017573514146931,1.3128474582408533e-05,33.15606567113021,42.68685851468834,42.3610816016427,42.01936999439597,0.9926847953640582,"{""0"":41.96333864642206,""12"":39.52305671865047,""18"":35.0720384297243,""24"":33.15606567113021,""30"":33.90515541049905,""36"":37.646650318564305,""42"":41.254062697749234,""45"":42.3610816016427,""46"":42.68685851468834,""47"":43.00142272153299,""6"":41.14668481331765}","{""0"":0.019954463468762448,""12"":0.018773994415548754,""18"":0.016582495785346485,""24"":0.015615567637861412,""30"":0.015906408492050526,""36"":0.01757860709530984,""42"":0.01919148789075547,""45"":0.019685259101802785,""46"":0.019830647915071258,""47"":0.0199710246916458,""6"":0.019570613033959065}","{""0"":0.9938359856042159,""12"":0.9948671911130105,""18"":0.99951390409402,""24"":1.0034403742373779,""30"":1.0073195816438456,""36"":1.0121464466214856,""42"":1.015896105191658,""45"":1.0169792225996352,""46"":1.0172838091512257,""47"":1.017573514146931,""6"":0.9936011641485254}",0:41.9633386464;6:41.1466848133;12:39.5230567187;18:35.0720384297;24:33.1560656711;30:33.9051554105;36:37.6466503186;42:41.2540626977;45:42.3610816016;46:42.6868585147;47:43.0014227215,0.0038019489554457116,False,False
240,regularized_plane_flux_controlled_pressure_outlet,interior_reflection_diagnostic_48,False,False,False,True,False,False,False,2,True,0.7,90,linear,1.0,0.8,33.583823837467655,41.80742196339348,41.80742196339348,-8.223598125925825,-15.006256103515625,0.75,0.0075,56.89823913574219,8367.90625,33.58100128173828,41.32016372680664,-7.739162445068359,-15.006256103515625,-0.0053705256432294846,0.0053705256432294846,-7.091804036463145e-06,7.091804036463145e-06,0.0005,0.5,0.7160700857639313,0,0,0.0,2,0.8,0,0,0.0,41.32016372680664,42.066497802734375,-0.00010079283674713224,0.022625787183642387,0.019431138005636242,0.001890359168241966,1.0168077658390053,8.535108209834257e-06,31.300072295559147,41.44272370140426,41.025792662645664,40.550609838887915,0.9912767100944768,"{""0"":41.97977979683456,""12"":37.270278652493054,""18"":33.02326644899962,""24"":31.300072295559147,""30"":31.80200111593171,""36"":34.737692375382686,""42"":39.396439933377025,""45"":41.025792662645664,""46"":41.44272370140426,""47"":41.80742196339348,""6"":40.83306696799764}","{""0"":0.019955028903922364,""12"":0.01767127303507992,""18"":0.015595683170282008,""24"":0.014737937143277148,""30"":0.01493053947528241,""36"":0.016249292820635065,""42"":0.01835022439269945,""45"":0.019081843624172937,""46"":0.019268464513588147,""47"":0.019431138005636242,""6"":0.019412558441240048}","{""0"":0.9941972282579581,""12"":0.9966911452422746,""18"":1.0006839359753072,""24"":1.0036722818822625,""30"":1.0066015346289132,""36"":1.0103107802921973,""42"":1.014644251484952,""45"":1.016076200118813,""46"":1.0164545291087579,""47"":1.0168077658390053,""6"":0.9940527418667067}",0:41.9797797968;6:40.833066968;12:37.2702786525;18:33.023266449;24:31.3000722956;30:31.8020011159;36:34.7376923754;42:39.3964399334;45:41.0257926626;46:41.4427237014;47:41.8074219634,0.0037756300881674025,False,False
245,regularized_plane_flux_controlled_pressure_outlet,interior_reflection_diagnostic_48,False,False,False,True,False,False,False,2,True,0.7,90,linear,1.0,0.8,33.59893620605509,40.17714243376048,40.17714243376048,-6.578206227705387,-14.21221923828125,0.75,0.0075,53.9720458984375,8626.20703125,33.595767974853516,39.61207580566406,-6.016307830810547,-14.21221923828125,-0.00509518850594759,0.00509518850594759,-6.716550160490442e-06,6.716550160490442e-06,0.0005,0.5,0.6793584674596786,0,0,0.0,2,0.8,0,0,0.0,39.61207580566406,40.56250762939453,-0.0002066593151539564,0.02192608080804348,0.018689055055825944,0.001890359168241966,1.015958303201852,3.790429179452293e-06,29.950041116454145,39.73719512627311,39.183545610804,38.52476508494402,0.989049810891536,"{""0"":41.99867025756886,""12"":34.87196832491651,""18"":31.452715281609002,""24"":29.950041116454145,""30"":30.220150885522546,""36"":32.39208802948423,""42"":36.96152457846396,""45"":39.183545610804,""46"":39.73719512627311,""47"":40.17714243376048,""6"":40.03069960450081}","{""0"":0.01995506298170198,""12"":0.016499295137626328,""18"":0.014838581569534397,""24"":0.01409871203025265,""30"":0.014195837393551158,""36"":0.01517475931782454,""42"":0.017246629303917183,""45"":0.018247502477716792,""46"":0.01849463767468516,""47"":0.018689055055825944,""6"":0.019012497891995453}","{""0"":0.9946429520732739,""12"":0.9988162066850861,""18"":1.0017240467729551,""24"":1.0039183558272955,""30"":1.0060497429961293,""36"":1.0087671969473249,""42"":1.012851165575882,""45"":1.0148328461020566,""46"":1.0154090044854494,""47"":1.015958303201852,""6"":0.9950171014142623}",0:41.9986702576;6:40.0306996045;12:34.8719683249;18:31.4527152816;24:29.9500411165;30:30.2201508855;36:32.3920880295;42:36.9615245785;45:39.1835456108;46:39.7371951263;47:40.1771424338,0.0038178651643507346,False,False
250,regularized_plane_flux_controlled_pressure_outlet,interior_reflection_diagnostic_48,False,False,False,True,False,False,False,2,True,0.7,90,linear,1.0,0.8,33.61621405598678,37.63115112555971,37.63115112555971,-4.01493706957293,-13.284679412841797,0.75,0.0075,50.61001968383789,8884.5078125,33.61249542236328,37.11538314819336,-3.502887725830078,-13.284679412841797,-0.004776907153427601,0.004776907153427601,-6.2782041823084e-06,6.2782041823084e-06,0.0005,0.5,0.6369209537903469,0,0,0.0,2,0.8,0,0,0.0,37.11538314819336,38.22700881958008,-0.0005080922855995595,0.020823759958148003,0.017521407576173872,0.001890359168241966,1.0149922161336657,3.7264676488284467e-06,28.98826059281199,37.13070029418914,36.51361653664378,35.805215494312506,0.9867011553885032,"{""0"":42.020267569983474,""12"":33.20074930624382,""18"":30.309552037097266,""24"":28.98826059281199,""30"":29.079405159902485,""36"":30.72023803731475,""42"":34.26857577744734,""45"":36.51361653664378,""46"":37.13070029418914,""47"":37.63115112555971,""6"":38.25839426875235}","{""0"":0.019952142293369557,""12"":0.015683338985250123,""18"":0.014286633884912013,""24"":0.013642676488029491,""30"":0.013665248997022471,""36"":0.014407664730510892,""42"":0.016020629981146256,""45"":0.017030072045510408,""46"":0.01730318138592362,""47"":0.017521407576173872,""6"":0.01813620604481812}","{""0"":0.9953001491401506,""12"":1.000438556272276,""18"":1.0026059754629442,""24"":1.0041587213600065,""30"":1.005653490359932,""36"":1.00764835207584,""42"":1.0108859887195218,""45"":1.0132794221880757,""46"":1.014134324960312,""47"":1.0149922161336657,""6"":0.9969055730081912}",0:42.02026757;6:38.2583942688;12:33.2007493062;18:30.3095520371;24:28.9882605928;30:29.0794051599;36:30.7202380373;42:34.2685757774;45:36.5136165366;46:37.1307002942;47:37.6311511256,0.003963318725586614,False,False
