step,lbm_open_boundary_semantics,row_role,step135_interior_reflection_candidate,step136_ramped_throughput_calibration_candidate,step134_outlet_stationarity_candidate,step133_mass_damped_candidate,step132_authority_sweep_candidate,open_boundary_flux_control_measure_plane_offset,open_boundary_outlet_flux_drop_guard_enabled,open_boundary_outlet_flux_drop_guard_min_ratio,open_boundary_inlet_ramp_steps,open_boundary_inlet_ramp_profile,open_boundary_inlet_ramp_factor,open_boundary_flux_control_target_scale,target_outlet_flux,outlet_flux_raw_before_correction,outlet_flux_after_correction,outlet_flux_error,outlet_flux_error_filtered,correction_gain_effective,flow_correction_cap_u,correction_delta_abs_sum,correction_delta_abs_sum_run,controller_target_outlet_flux,controller_measured_outlet_flux,controller_raw_flux_error,controller_filtered_flux_error,controller_u_feedback,controller_u_feedback_abs,controller_density_feedback,controller_density_feedback_abs,controller_delta_cap_u,controller_slew_alpha,controller_authority_ratio,controller_saturation_count_step,controller_saturation_count_run,controller_saturation_fraction_run,controller_measure_plane_offset,controller_target_scale,controller_drop_guard_active_step,controller_drop_guard_activation_count_run,controller_drop_guard_activation_fraction_run,controller_drop_guard_reference_flux,controller_true_outlet_flux_for_guard,outlet_plane_ux_min,outlet_plane_ux_max,outlet_plane_ux_mean,outlet_plane_negative_ux_fraction,outlet_plane_rho_mean,outlet_plane_rho_std,midplane_flux,near_outlet_flux_xminus1,near_outlet_flux_xminus2,near_outlet_flux_xminus3,near_outlet_to_outlet_flux_ratio,x_profile_flux_samples,x_profile_ux_mean_samples,x_profile_rho_mean_samples,sampled_x_profile_flux,mass_total_delta_rel,validation_claim_allowed,selected96_claim_allowed
0,regularized_plane_flux_controlled_pressure_outlet,interior_reflection_diagnostic_48,False,True,False,False,False,2,True,0.7,75,linear,0.0,1.0,0.0,0.0,0.0,0.0,0.0,0.0,0.005,0.0,0.0,0.0,0.0,0.0,0.0,0.0,0.0,0.0,0.0,0.0005,0.5,0.0,0,0,0.0,2,1.0,0,0,0.0,0.0,0.0,0.0,0.0,0.0,0.0,1.0,0.0,0.0,0.0,0.0,0.0,0.0,"{""0"":0.0,""12"":0.0,""18"":0.0,""24"":0.0,""30"":0.0,""36"":0.0,""42"":0.0,""45"":0.0,""46"":0.0,""47"":0.0,""6"":0.0}","{""0"":0.0,""12"":0.0,""18"":0.0,""24"":0.0,""30"":0.0,""36"":0.0,""42"":0.0,""45"":0.0,""46"":0.0,""47"":0.0,""6"":0.0}","{""0"":1.0,""12"":1.0,""18"":1.0,""24"":1.0,""30"":1.0,""36"":1.0,""42"":1.0,""45"":1.0,""46"":1.0,""47"":1.0,""6"":1.0}",0:0;6:0;12:0;18:0;24:0;30:0;36:0;42:0;45:0;46:0;47:0,0.0,False,False
5,regularized_plane_flux_controlled_pressure_outlet,interior_reflection_diagnostic_48,False,True,False,False,False,2,True,0.7,75,linear,0.06666666666666667,1.0,2.632900295058451,0.01806694636499022,0.01806694636499022,2.6148333486934607,0.0798412412405014,0.5,0.005,0.13370472192764282,0.23523494601249695,1.8965556621551514,0.00010031834244728088,1.896455343812704,0.0798412412405014,1.2600475201907102e-05,1.2600475201907102e-05,3.773215695446197e-08,3.773215695446197e-08,0.0005,0.5,0.0025200950403814204,0,0,0.0,2,1.0,0,0,0.0,1.8965556621551514,0.008106008172035217,7.348232429649215e-06,8.59808369568782e-06,8.538367386153074e-06,0.0,0.9999867704448718,1.2477966715017737e-08,0.0,0.004281630780272588,0.0005845874469313661,6.577745000191287e-05,0.23698696469091476,"{""0"":2.632900295058451,""12"":0.0,""18"":0.0,""24"":0.0,""30"":0.0,""36"":0.0,""42"":0.0,""45"":0.0005845874469313661,""46"":0.004281630780272588,""47"":0.01806694636499022,""6"":0.0}","{""0"":0.0012416102382528731,""12"":0.0,""18"":0.0,""24"":0.0,""30"":0.0,""36"":0.0,""42"":0.0,""45"":2.7627017329998843e-07,""46"":2.0234609372022057e-06,""47"":8.538367386153074e-06,""6"":0.0}","{""0"":1.002151976010299,""12"":0.9999998807907104,""18"":0.9999998807907104,""24"":0.9999998807907104,""30"":0.9999998807907104,""36"":0.9999998807907104,""42"":0.9999998807907104,""45"":0.9999995919222643,""46"":0.9999970719359097,""47"":0.9999867704448718,""6"":0.9999998807907104}",0:2.63290029506;6:0;12:0;18:0;24:0;30:0;36:0;42:0;45:0.000584587446931;46:0.00428163078027;47:0.018066946365,7.490058580358297e-05,False,False
10,regularized_plane_flux_controlled_pressure_outlet,interior_reflection_diagnostic_48,False,True,False,False,False,2,True,0.7,75,linear,0.13333333333333333,1.0,5.751270635828046,0.1893294619870804,0.1893294619870804,5.561941173840966,0.45552706718444824,0.5,0.005,0.9258761405944824,2.9829750061035156,5.2118988037109375,0.026730431243777275,5.18516837246716,0.45552706718444824,8.730223635211587e-05,8.730223635211587e-05,2.1527745275307097e-07,2.1527745275307097e-07,0.0005,0.5,0.017460447270423174,0,0,0.0,2,1.0,0,0,0.0,5.2118988037109375,0.1359218955039978,6.909795774845406e-05,9.21106620808132e-05,8.948884932525651e-05,0.0,0.9998471498320368,1.0229033361141076e-07,0.0,0.10306740523426676,0.04699336284304121,0.016953857451893158,0.5443812291681257,"{""0"":5.751270635828046,""12"":0.0,""18"":0.0,""24"":0.0,""30"":0.0,""36"":0.0,""42"":0.0007949974310164748,""45"":0.04699336284304121,""46"":0.10306740523426676,""47"":0.1893294619870804,""6"":0.0970510034653308}","{""0"":0.002705171098448477,""12"":0.0,""18"":0.0,""24"":0.0,""30"":0.0,""36"":0.0,""42"":3.7570788959083427e-07,""45"":2.2209392179383888e-05,""46"":4.871259310906051e-05,""47"":8.948884932525651e-05,""6"":4.5862361412906596e-05}","{""0"":1.0047412490461634,""12"":0.9999998807907104,""18"":0.9999998807907104,""24"":0.9999998807907104,""30"":0.9999998807907104,""36"":0.9999998807907104,""42"":0.999999422488456,""45"":0.9999636838138667,""46"":0.9999181669634998,""47"":0.9998471498320368,""6"":1.0000632622178875}",0:5.75127063583;6:0.0970510034653;12:0;18:0;24:0;30:0;36:0;42:0.000794997431016;45:0.046993362843;46:0.103067405234;47:0.189329461987,0.0003072372006831037,False,False
15,regularized_plane_flux_controlled_pressure_outlet,interior_reflection_diagnostic_48,False,True,False,False,False,2,True,0.7,75,linear,0.2,1.0,8.455829993233031,0.5897146760100747,0.5897146760100747,7.866115317222957,1.0557729005813599,0.5,0.005,2.325986862182617,11.61990737915039,7.885716915130615,0.2207532525062561,7.664963662624359,1.0557729005813599,0.00021938138525001705,0.00021938138525001705,4.989475428374135e-07,4.989475428374135e-07,0.0005,0.5,0.04387627705000341,0,0,0.0,2,1.0,0,0,0.0,7.885716915130615,0.4939611256122589,0.00019804142357315868,0.00029254882247187197,0.0002788280482924502,0.0,0.9995161340006808,3.5301581525017566e-07,0.0,0.42705854416137123,0.288278267711943,0.1767664986701783,0.724178253542524,"{""0"":8.455829993233031,""12"":0.0002549849482404972,""18"":0.0,""24"":0.0,""30"":0.0,""36"":0.00010009296412416091,""42"":0.043469961581890496,""45"":0.288278267711943,""46"":0.42705854416137123,""47"":0.5897146760100747,""6"":2.22102097921095}","{""0"":0.003968444415843484,""12"":1.205032727205031e-07,""18"":0.0,""24"":0.0,""30"":0.0,""36"":4.730292241512387e-08,""42"":2.0544153773263805e-05,""45"":0.00013626932200090717,""46"":0.00020189401433550724,""47"":0.0002788280482924502,""6"":0.0010477394716528513}","{""0"":1.0069811099643744,""12"":1.0000000764776042,""18"":0.9999998807907104,""24"":0.9999998807907104,""30"":0.9999998807907104,""36"":0.9999998294112813,""42"":0.9999664623029741,""45"":0.9997657226479572,""46"":0.9996509046094855,""47"":0.9995161340006808,""6"":1.001797759521661}",0:8.45582999323;6:2.22102097921;12:0.00025498494824;18:0;24:0;30:0;36:0.000100092964124;42:0.0434699615819;45:0.288278267712;46:0.427058544161;47:0.58971467601,0.0006572041894111456,False,False
20,regularized_plane_flux_controlled_pressure_outlet,interior_reflection_diagnostic_48,False,True,False,False,False,2,True,0.7,75,linear,0.26666666666666666,1.0,11.370187250385767,1.1657007597276046,1.1657007597276046,10.204486490658162,1.8369566202163696,0.5,0.005,4.194289684295654,28.686233520507812,10.79065227508545,0.6398504972457886,10.15080177783966,1.8369566202163696,0.0003955512656830251,0.0003955512656830251,8.681270173838129e-07,8.681270173838129e-07,0.0005,0.5,0.07911025313660502,0,0,0.0,2,1.0,0,0,0.0,10.79065227508545,1.0382721424102783,0.0003622000804170966,0.0005831144517287612,0.0005514284002822199,0.0,0.9990386132763555,6.121232331985367e-07,0.0,0.9459894987407673,0.7454450633082831,0.5649869628583333,0.8115200156186066,"{""0"":11.370187250385767,""12"":0.11108710675826104,""18"":0.0,""24"":0.0,""30"":2.541206796369205e-05,""36"":0.0010925140223381675,""42"":0.27170030498312525,""45"":0.7454450633082831,""46"":0.9459894987407673,""47"":1.1657007597276046,""6"":5.484328228310041}","{""0"":0.005323384632532518,""12"":5.2494414338015763e-05,""18"":0.0,""24"":0.0,""30"":1.20094856741458e-08,""36"":5.163113931756599e-07,""42"":0.00012843117794875933,""45"":0.00035250575393033415,""46"":0.0004474135424496363,""47"":0.0005514284002822199,""6"":0.002580180768214522}","{""0"":1.009405127995857,""12"":1.0000781703648811,""18"":0.9999998807907104,""24"":0.9999998807907104,""30"":0.9999998752696753,""36"":0.9999992069990739,""42"":0.9997795067854324,""45"":0.9993874656286492,""46"":0.999221106586249,""47"":0.9990386132763555,""6"":1.0045172209888416}",0:11.3701872504;6:5.48432822831;12:0.111087106758;18:0;24:0;30:2.54120679637e-05;36:0.00109251402234;42:0.271700304983;45:0.745445063308;46:0.945989498741;47:1.16570075973,0.001122993157112005,False,False
25,regularized_plane_flux_controlled_pressure_outlet,interior_reflection_diagnostic_48,False,True,False,False,False,2,True,0.7,75,linear,0.3333333333333333,1.0,14.232948444715202,1.8844571191787476,1.8844571191787476,12.348491325536454,2.770418405532837,0.5,0.005,6.461007595062256,56.30659866333008,13.659723281860352,1.2296230792999268,12.430100202560425,2.770418405532837,0.0006092910771258175,0.0006092910771258175,1.3092715107632102e-06,1.3092715107632102e-06,0.0005,0.5,0.12185821542516351,0,0,0.0,2,1.0,0,0,0.0,13.659723281860352,1.7305669784545898,0.000545474118553102,0.0009432683000341058,0.000891965996040056,0.0,0.9984407015074404,8.569254708795043e-07,1.2181699187152456e-06,1.6167395728759724,1.3651533356714496,1.1308571522518072,0.857933861387386,"{""0"":14.232948444715202,""12"":1.8666416884323582,""18"":0.0009503625589136139,""24"":1.2181699187152456e-06,""30"":0.00015849620219187402,""36"":0.03768056074116641,""42"":0.7178152580817281,""45"":1.3651533356714496,""46"":1.6167395728759724,""47"":1.8844571191787476,""6"":8.156967842521517}","{""0"":0.006648022924428401,""12"":0.0008808237393536307,""18"":4.4913139734515e-07,""24"":5.756947372081443e-10,""30"":7.490370389441171e-08,""36"":1.780797411563788e-05,""42"":0.0003394324742817665,""45"":0.0006458854910230752,""46"":0.0007650769927693198,""47"":0.000891965996040056,""6"":0.0038291555048109143}","{""0"":1.0117853267544383,""12"":1.0014963322979291,""18"":1.00000051362528,""24"":0.9999998807907104,""30"":0.999999784876809,""36"":0.9999709129896867,""42"":0.9994105269079623,""45"":0.9988733063291737,""46"":0.9986639074375588,""47"":0.9984407015074404,""6"":1.006722303329208}",0:14.2329484447;6:8.15696784252;12:1.86664168843;18:0.000950362558914;24:1.21816991872e-06;30:0.000158496202192;36:0.0376805607412;42:0.717815258082;45:1.36515333567;46:1.61673957288;47:1.88445711918,0.001697272349268705,False,False
30,regularized_plane_flux_controlled_pressure_outlet,interior_reflection_diagnostic_48,False,True,False,False,False,2,True,0.7,75,linear,0.4,1.0,17.124473842528012,2.719170685616221,2.719170685616221,14.40530315691179,3.8250696659088135,0.5,0.005,9.043943405151367,96.18584442138672,16.54385757446289,1.9590741395950317,14.584783434867859,3.8250696659088135,0.0008529807673767209,0.0008529807673767209,1.8076889318763278e-06,1.8076889318763278e-06,0.0005,0.5,0.17059615347534418,0,0,0.0,2,1.0,0,0,0.0,16.54385757446289,2.5441737174987793,0.0007370940293185413,0.0013622147962450981,0.0012879574553431882,0.0,0.9977443039079245,1.1471191005527553e-06,7.3308125681401e-05,2.412719855615776,2.1193524869767795,1.8399749688128222,0.8872998919775436,"{""0"":17.124473842528012,""12"":5.215803543183757,""18"":0.11369456546721862,""24"":7.3308125681401e-05,""30"":0.0012254863959628567,""36"":0.24098339307807087,""42"":1.3275480684812986,""45"":2.1193524869767795,""46"":2.412719855615776,""47"":2.719170685616221,""6"":11.060751463986453}","{""0"":0.007979638861766919,""12"":0.0024543675917639996,""18"":5.372629665963584e-05,""24"":3.464467834688095e-08,""30"":5.791529097659512e-07,""36"":0.00011390864652907926,""42"":0.0006280740505312825,""45"":0.0010033451772355677,""46"":0.0011425114117715937,""47"":0.0012879574553431882,""6"":0.005179887177336377}","{""0"":1.014192225182665,""12"":1.0043019050686481,""18"":1.000082512659026,""24"":0.9999998484250503,""30"":0.9999990862123457,""36"":0.9998048938571392,""42"":0.9989047788491997,""45"":0.9982455036477916,""46"":0.9980005870074992,""47"":0.9977443039079245,""6"":1.009133378364188}",0:17.1244738425;6:11.060751464;12:5.21580354318;18:0.113694565467;24:7.33081256814e-05;30:0.00122548639596;36:0.240983393078;42:1.32754806848;45:2.11935248698;46:2.41271985562;47:2.71917068562,0.0023739562817645583,False,False
35,regularized_plane_flux_controlled_pressure_outlet,interior_reflection_diagnostic_48,False,True,False,False,False,2,True,0.7,75,linear,0.4666666666666667,1.0,20.028666213670675,3.6469130145956203,3.6469130145956203,16.381753199075057,4.98000431060791,0.5,0.005,11.888427734375,149.9447021484375,19.447301864624023,2.8015716075897217,16.6457302570343,4.98000431060791,0.0011213317047804594,0.0011213317047804594,2.353499212404131e-06,2.353499212404131e-06,0.0005,0.5,0.22426634095609188,0,0,0.0,2,1.0,0,0,0.0,19.447301864624023,3.4547958374023438,0.0009293032344430685,0.0018369992030784488,0.001728735240713283,0.0,0.9969679848739916,1.4181920001007116e-06,0.0019575432065044945,3.3087797463321382,2.9815557534269175,2.665939312430939,0.9072823325069147,"{""0"":20.028666213670675,""12"":7.871553799345832,""18"":1.5897694407785932,""24"":0.0019575432065044945,""30"":0.03306816149874542,""36"":0.6644805390674347,""42"":2.072426465576884,""45"":2.9815557534269175,""46"":3.3087797463321382,""47"":3.6469130145956203,""6"":13.923243295385069}","{""0"":0.009310729268212962,""12"":0.0036960323499088724,""18"":0.0007503411568059112,""24"":9.25113939859829e-07,""30"":1.5628084073175688e-05,""36"":0.0003141984540901133,""42"":0.0009810911381039733,""45"":0.001412548675507286,""46"":0.0015680053946022948,""47"":0.001728735240713283,""6"":0.006505133735767736}","{""0"":1.0166110988488044,""12"":1.0064855394832128,""18"":1.0012686462731353,""24"":1.0000010056734536,""30"":0.9999744354382806,""36"":0.9994547565402516,""42"":0.9982849458383928,""45"":0.9975256688597072,""46"":0.9972516564205148,""47"":0.9969679848739916,""6"":1.011506619942436}",0:20.0286662137;6:13.9232432954;12:7.87155379935;18:1.58976944078;24:0.0019575432065;30:0.0330681614987;36:0.664480539067;42:2.07242646558;45:2.98155575343;46:3.30877974633;47:3.6469130146,0.0031492395089409903,False,False
40,regularized_plane_flux_controlled_pressure_outlet,interior_reflection_diagnostic_48,False,True,False,False,False,2,True,0.7,75,linear,0.5333333333333333,1.0,22.945620485061326,4.650480739216482,4.650480739216482,18.295139745844843,6.2170305252075195,0.5,0.005,14.945793151855469,218.55584716796875,22.360788345336914,3.7349603176116943,18.62582802772522,6.2170305252075195,0.0014099031686782837,0.0014099031686782837,2.938105353678111e-06,2.938105353678111e-06,0.0005,0.5,0.28198063373565674,0,0,0.0,2,1.0,0,0,0.0,22.360788345336914,4.444415092468262,0.0011176402913406491,0.0023525222204625607,0.0022063172034041635,0.0,0.996125777102373,1.6798322169997665e-06,0.11260142552841262,4.286197301757839,3.9310269739959636,3.5855182453344643,0.921667574195777,"{""0"":22.945620485061326,""12"":10.754692559777833,""18"":4.908321420935637,""24"":0.11260142552841262,""30"":0.21349270827703987,""36"":1.2544969156360608,""42"":2.926079966080662,""45"":3.9310269739959636,""46"":4.286197301757839,""47"":4.650480739216482,""6"":16.80771195086877}","{""0"":0.010641301957017166,""12"":0.005037818674331738,""18"":0.002310249816645236,""24"":5.320977055342392e-05,""30"":0.00010091204547104265,""36"":0.0005934771950650891,""42"":0.0013862021089655159,""45"":0.0018638579296133004,""46"":0.0020328663297084254,""47"":0.0022063172034041635,""6"":0.007834260550896251}","{""0"":1.0190412563840474,""12"":1.0088776424949697,""18"":1.0040473127297507,""24"":1.000081296791877,""30"":0.9998275666921936,""36"":0.9989656339239308,""42"":0.9975724201402952,""45"":0.9967306512628026,""46"":0.9964323264382963,""47"":0.996125777102373,""6"":1.013900536276217}",0:22.9456204851;6:16.8077119509;12:10.7546925598;18:4.90832142094;24:0.112601425528;30:0.213492708277;36:1.25449691564;42:2.92607996608;45:3.931026974;46:4.28619730176;47:4.65048073922,0.004019597381536474,False,False
45,regularized_plane_flux_controlled_pressure_outlet,interior_reflection_diagnostic_48,False,True,False,False,False,2,True,0.7,75,linear,0.6,1.0,25.877097352158152,5.715625833962653,5.715625833962653,20.161471518195498,7.521932601928711,0.5,0.005,18.182476043701172,302.71875,25.289945602416992,4.7424468994140625,20.54749870300293,7.521932601928711,0.0017151539213955402,0.0017151539213955402,3.554788690962596e-06,3.554788690962596e-06,0.0005,0.5,0.34303078427910805,0,0,0.0,2,1.0,0,0,0.0,25.289945602416992,5.498234748840332,0.0012991017429158092,0.002900842810049653,0.0027140942296001794,0.0,0.9952292606544404,1.9068821979237265e-06,1.3991272555054557,5.329769901597341,4.951554316305055,4.581467507515792,0.9324910441001004,"{""0"":25.877097352158152,""12"":13.61985624919308,""18"":7.5938973083654275,""24"":1.3991272555054557,""30"":0.6161175085869299,""36"":1.9806750932285335,""42"":3.867582631643841,""45"":4.951554316305055,""46"":5.329769901597341,""47"":5.715625833962653,""6"":19.710068478209614}","{""0"":0.01197210998126501,""12"":0.006364971334827687,""18"":0.0035664807087526125,""24"":0.0006604923122299598,""30"":0.00029131747844646813,""36"":0.0009375844973528763,""42"":0.0018336787998226483,""45"":0.0023497516314220914,""46"":0.0025300418653605517,""47"":0.0027140942296001794,""6"":0.009165310155202428}","{""0"":1.0214844849700062,""12"":1.0112523347533717,""18"":1.0062530152288411,""24"":1.0010680020531544,""30"":0.9994986139251965,""36"":0.9983616239181764,""42"":0.9967842844291986,""45"":0.9958735720759754,""46"":0.9955549506023386,""47"":0.9952292606544404,""6"":1.0163096222737786}",0:25.8770973522;6:19.7100684782;12:13.6198562492;18:7.59389730837;24:1.39912725551;30:0.616117508587;36:1.98067509323;42:3.86758263164;45:4.95155431631;46:5.3297699016;47:5.71562583396,0.004982520790950224,False,False
50,regularized_plane_flux_controlled_pressure_outlet,interior_reflection_diagnostic_48,False,True,False,False,False,2,True,0.7,75,linear,0.6666666666666666,1.0,28.822352266452057,6.831091394457173,6.831091394457173,21.991260871994882,8.88322925567627,0.5,0.005,21.5665283203125,403.7789306640625,28.232084274291992,5.810182094573975,22.421902179718018,8.88322925567627,0.0020342511124908924,0.0020342511124908924,4.198123406240484e-06,4.198123406240484e-06,0.0005,0.5,0.4068502224981785,0,0,0.0,2,1.0,0,0,0.0,28.232084274291992,6.604428768157959,0.0014720780309289694,0.0034754027146846056,0.003246850585589178,0.0,0.9942876546448255,2.1024539125860315e-06,4.752888624307259,6.427280467433475,6.029956487914095,5.639460558112126,0.9408863234722118,"{""0"":28.822352266452057,""12"":16.49763041570415,""18"":10.449678735767865,""24"":4.752888624307259,""30"":1.2908121893033917,""36"":2.8173411131376627,""42"":4.880691305915723,""45"":6.029956487914095,""46"":6.427280467433475,""47"":6.831091394457173,""6"":22.624402782078544}","{""0"":0.013302775811129347,""12"":0.007691686912457369,""18"":0.004896177644977814,""24"":0.002238063607694993,""30"":0.0006105724672852031,""36"":0.0013345670724038514,""42"":0.002315985290522886,""45"":0.0028641178947279235,""46"":0.0030538688940528625,""47"":0.003246850585589178,""6"":0.010495517703718621}","{""0"":1.0239393159549943,""12"":1.0136395968313703,""18"":1.0086210873154025,""24"":1.003604682102546,""30"":0.999103784448483,""36"":0.9976636338380425,""42"":0.9959337014444384,""45"":0.9949652855698238,""46"":0.9946295461267064,""47"":0.9942876546448255,""6"":1.0187288681027569}",0:28.8223522665;6:22.6244027821;12:16.4976304157;18:10.4496787358;24:4.75288862431;30:1.2908121893;36:2.81734111314;42:4.88069130592;45:6.02995648791;46:6.42728046743;47:6.83109139446,0.006036029027677514,False,False
55,regularized_plane_flux_controlled_pressure_outlet,interior_reflection_diagnostic_48,False,True,False,False,False,2,True,0.7,75,linear,0.7333333333333333,1.0,31.78164954663765,7.987787972610425,7.987787972610425,23.793861574027225,10.291727066040039,0.5,0.005,25.069589614868164,521.9515380859375,31.188743591308594,6.9271979331970215,24.261545658111572,10.291727066040039,0.002364917192608118,0.002364917192608118,4.863765298068756e-06,4.863765298068756e-06,0.0005,0.5,0.4729834385216236,0,0,0.0,2,1.0,0,0,0.0,31.188743591308594,7.753536701202393,0.0016358171124011278,0.004070798866450787,0.0038003766383172062,0.0,0.9933084535688894,2.2602883196593824e-06,7.896781128181129,7.568990722358123,7.155700957404861,6.748235395949225,0.9475703096165886,"{""0"":31.78164954663765,""12"":19.398455264180164,""18"":13.344342620811886,""24"":7.896781128181129,""30"":3.084854794278156,""36"":3.745979350717199,""42"":5.95208975697382,""45"":7.155700957404861,""46"":7.568990722358123,""47"":7.987787972610425,""6"":25.554931962861964}","{""0"":0.014633371154927351,""12"":0.009022718338808133,""18"":0.006237874357496337,""24"":0.003711237622638865,""30"":0.001458752270888525,""36"":0.0017758355118793793,""42"":0.002826946229776913,""45"":0.0034020773978201435,""46"":0.0035998373907363125,""47"":0.0038003766383172062,""6"":0.011826767256511604}","{""0"":1.0264061485999925,""12"":1.0160464866963588,""18"":1.0109821205328453,""24"":1.0055745101493339,""30"":0.9993835226236535,""36"":0.9968912644287138,""42"":0.9950315315973556,""45"":0.9940143457150865,""46"":0.9936640768792544,""47"":0.9933084535688894,""6"":1.0211612665585623}",0:31.7816495466;6:25.5549319629;12:19.3984552642;18:13.3443426208;24:7.89678112818;30:3.08485479428;36:3.74597935072;42:5.95208975697;45:7.1557009574;46:7.56899072236;47:7.98778797261,0.007178645950132334,False,False
60,regularized_plane_flux_controlled_pressure_outlet,interior_reflection_diagnostic_48,False,True,False,False,False,2,True,0.7,75,linear,0.8,1.0,34.75528952579828,9.178555019563372,9.178555019563372,25.57673450623491,11.740044593811035,0.5,0.005,28.679664611816406,657.5594482421875,34.15928268432617,8.084572792053223,26.07470989227295,11.740044593811035,0.0027053263038396835,0.0027053263038396835,5.5482250900240615e-06,5.5482250900240615e-06,0.0005,0.5,0.5410652607679367,0,0,0.0,2,1.0,0,0,0.0,34.15928268432617,8.93800163269043,0.0017899564700201154,0.004682445898652077,0.004371360664236991,0.0,0.9922975249067372,2.3650716259206095e-06,11.2564704673801,8.747033258860235,8.320270450195196,7.898542271055057,0.9529858719827486,"{""0"":34.75528952579828,""12"":22.312310709542754,""18"":16.352936859024975,""24"":11.2564704673801,""30"":6.921702279073327,""36"":4.843190180978955,""42"":7.071246898649392,""45"":8.320270450195196,""46"":8.747033258860235,""47"":9.178555019563372,""6"":28.499376422070277}","{""0"":0.015963991910715663,""12"":0.010353412132336984,""18"":0.0076271558906891804,""24"":0.005280346100747634,""30"":0.0032671326260823607,""36"":0.002297741012624201,""42"":0.003361683314893261,""45"":0.003959685783007575,""46"":0.004164305294420225,""47"":0.004371360664236991,""6"":0.013157972245123273}","{""0"":1.0288847088813782,""12"":1.0184625602399469,""18"":1.013249574007294,""24"":1.0074468553066254,""30"":1.0012054604483462,""36"":0.9961279915163332,""42"":0.994086440349797,""45"":0.9930277692404046,""46"":0.9926650326396207,""47"":0.9922975249067372,""6"":1.0236048716453163}",0:34.7552895258;6:28.4993764221;12:22.3123107095;18:16.352936859;24:11.2564704674;30:6.92170227907;36:4.84319018098;42:7.07124689865;45:8.3202704502;46:8.74703325886;47:9.17855501956,0.00840928214740081,False,False
65,regularized_plane_flux_controlled_pressure_outlet,interior_reflection_diagnostic_48,False,True,False,False,False,2,True,0.7,75,linear,0.8666666666666667,1.0,37.74290552642023,10.397602890397993,10.397602890397993,27.34530263602224,13.22226333618164,0.5,0.005,32.37324142456055,812.5399169921875,37.144168853759766,9.275432586669922,27.868736267089844,13.22226333618164,0.0030540141742676497,0.0030540141742676497,6.2487069953931496e-06,6.2487069953931496e-06,0.0005,0.5,0.6108028348535299,0,0,0.0,2,1.0,0,0,0.0,37.144168853759766,10.1517333984375,0.0019348218338564038,0.005306674167513847,0.0049571266968026825,0.0,0.9912596578465067,2.4206438306957826e-06,14.81845010716021,9.955229433744496,9.5170855845597,9.083473314768636,0.9574542842887352,"{""0"":37.74290552642023,""12"":25.26180448147843,""18"":19.596593946653027,""24"":14.81845010716021,""30"":10.708225598591742,""36"":6.854406841643579,""42"":8.233127918304387,""45"":9.5170855845597,""46"":9.955229433744496,""47"":10.397602890397993,""6"":31.459030084285878}","{""0"":0.01729442840723747,""12"":0.011694318935757465,""18"":0.009120984768340036,""24"":0.006938807914757112,""30"":0.005046363325352958,""36"":0.003252311230400341,""42"":0.003917899959034503,""45"":0.004533902373686891,""46"":0.004744416903039803,""47"":0.0049571266968026825,""6"":0.014489680666182479}","{""0"":1.0313747506060538,""12"":1.020877781628661,""18"":1.0153662469977467,""24"":1.0092556457438406,""30"":1.0028183374039843,""36"":0.99599691357865,""42"":0.9931079699659618,""45"":0.9920110214072049,""46"":0.991637499323414,""47"":0.9912596578465067,""6"":1.0260600027943378}",0:37.7429055264;6:31.4590300843;12:25.2618044815;18:19.5965939467;24:14.8184501072;30:10.7082255986;36:6.85440684164;42:8.2331279183;45:9.51708558456;46:9.95522943374;47:10.3976028904,0.009727153435311907,False,False
70,regularized_plane_flux_controlled_pressure_outlet,interior_reflection_diagnostic_48,False,True,False,False,False,2,True,0.7,75,linear,0.9333333333333333,1.0,40.74507178110879,11.640720905296709,11.640720905296709,29.10435087581208,14.733559608459473,0.5,0.005,36.14786911010742,985.6014404296875,40.14360046386719,10.49573802947998,29.647862434387207,14.733559608459473,0.0034097926691174507,0.0034097926691174507,6.962930456211325e-06,6.962930456211325e-06,0.0005,0.5,0.6819585338234901,0,0,0.0,2,1.0,0,0,0.0,40.14360046386719,11.390203475952148,0.0020707359071820974,0.005952584557235241,0.005555737550068464,0.0,0.9901987467179452,2.435391276007545e-06,18.480165580438026,11.189699652583933,10.744490576972265,10.30901618479325,0.9612548693176249,"{""0"":40.74507178110879,""12"":28.322919710108465,""18"":23.031091625339915,""24"":18.480165580438026,""30"":14.448887839261204,""36"":10.784554906385306,""42"":9.518827808817143,""45"":10.744490576972265,""46"":11.189699652583933,""47"":11.640720905296709,""6"":34.43386719041576}","{""0"":0.018624898570894294,""12"":0.013081333863844705,""18"":0.010698734272741458,""24"":0.008638874747036007,""30"":0.006799336368770872,""36"":0.005109898653255497,""42"":0.004534010882119671,""45"":0.005124003617163388,""46"":0.005338393931621721,""47"":0.005555737550068464,""6"":0.01582184833072175}","{""0"":1.033876350448803,""12"":1.0232243650013648,""18"":1.0173405295621696,""24"":1.0109558317296221,""30"":1.0042684593137585,""36"":0.9973929678503642,""42"":0.9921682208832812,""45"":0.9909712929694098,""46"":0.9905863118644923,""47"":0.9901987467179452,""6"":1.028525619628524}",0:40.7450717811;6:34.4338671904;12:28.3229197101;18:23.0310916253;24:18.4801655804;30:14.4488878393;36:10.7845549064;42:9.51882780882;45:10.744490577;46:11.1896996526;47:11.6407209053,0.011131724398454067,False,False
75,regularized_plane_flux_controlled_pressure_outlet,interior_reflection_diagnostic_48,False,True,False,False,False,2,True,0.7,75,linear,1.0,1.0,43.76156013631875,12.925521971235481,12.925521971235481,30.836038165083266,16.26799964904785,0.5,0.005,39.98332595825195,1177.3897705078125,43.15718078613281,11.791586875915527,31.365593910217285,16.26799964904785,0.0037713791243731976,0.0037713791243731976,7.68809059081832e-06,7.68809059081832e-06,0.0005,0.5,0.7542758248746395,0,0,0.0,2,1.0,0,0,0.0,43.15718078613281,12.660229682922363,0.002199355512857437,0.006621607579290867,0.006175657812508601,0.0,0.9891201892906416,2.7256461957834146e-06,22.26549329412626,12.483427247788157,12.084730932624648,11.76366127597785,0.9657967605152686,"{""0"":43.76156013631875,""12"":31.593544895130023,""18"":26.6202709391674,""24"":22.26549329412626,""30"":18.373989441638088,""36"":14.907558126964053,""42"":11.589748913174157,""45"":12.084730932624648,""46"":12.483427247788157,""47"":12.925521971235481,""6"":37.43838524517275}","{""0"":0.01995525676545833,""12"":0.014560733902900143,""18"":0.01234334390209935,""24"":0.010391451561223146,""30"":0.0086335085244587,""36"":0.007053048505064008,""42"":0.0055223891577249416,""45"":0.005768940899187051,""46"":0.005961911702644792,""47"":0.006175657812508601,""6"":0.017161267384400835}","{""0"":1.036389336919514,""12"":1.0254171400529901,""18"":1.0192112519858239,""24"":1.0126047480872538,""30"":1.0057713949387375,""36"":0.9988784344130969,""42"":0.9918069344274488,""45"":0.9899767670210007,""46"":0.989538280944743,""47"":0.9891201892906416,""6"":1.0309903968146708}",0:43.7615601363;6:37.4383852452;12:31.5935448951;18:26.6202709392;24:22.2654932941;30:18.3739894416;36:14.907558127;42:11.5897489132;45:12.0847309326;46:12.4834272478;47:12.9255219712,0.012622386563355696,False,False
80,regularized_plane_flux_controlled_pressure_outlet,interior_reflection_diagnostic_48,False,True,False,False,False,2,True,0.7,75,linear,1.0,1.0,43.93376643597883,14.562666241279619,14.562666241279619,29.371100194699213,17.708791732788086,0.5,0.005,43.6717529296875,1389.1964111328125,44.11675262451172,13.639007568359375,30.477745056152344,17.708791732788086,0.004119640216231346,0.004119640216231346,8.368994713237043e-06,8.368994713237043e-06,0.0005,0.5,0.8239280432462692,0,0,0.0,2,1.0,0,0,0.0,44.11675262451172,14.159400939941406,0.0023447321727871895,0.007400179747492075,0.0069652692709049465,0.0,0.9880685407126107,6.532570827829463e-06,26.137365033656096,14.257210801676592,14.188096403863694,14.384078202142518,0.9790247586161677,"{""0"":43.93376643597883,""12"":35.06305480810423,""18"":30.338864903903747,""24"":26.137365033656096,""30"":22.323345591586328,""36"":18.801916859832485,""42"":15.468098018584131,""45"":14.188096403863694,""46"":14.257210801676592,""47"":14.562666241279619,""6"":40.53682048715145}","{""0"":0.0200288064438068,""12"":0.016127581388816335,""18"":0.014043027623107619,""24"":0.012179330680369697,""30"":0.010474268794200596,""36"":0.008884600465012528,""42"":0.007362133871639827,""45"":0.006776125523937771,""46"":0.0068145339445005015,""47"":0.0069652692709049465,""6"":0.01853825376520465}","{""0"":1.0366458928314635,""12"":1.0274631988912089,""18"":1.0209944603686523,""24"":1.0141973539426332,""30"":1.007207336802113,""36"":1.0001051631282543,""42"":0.992906966399831,""45"":0.9895159948074975,""46"":0.9887369535933821,""47"":0.9880685407126107,""6"":1.0333993713211247}",0:43.933766436;6:40.5368204872;12:35.0630548081;18:30.3388649039;24:26.1373650337;30:22.3233455916;36:18.8019168598;42:15.4680980186;45:14.1880964039;46:14.2572108017;47:14.5626662413,0.01411187370139319,False,False
85,regularized_plane_flux_controlled_pressure_outlet,interior_reflection_diagnostic_48,False,True,False,False,False,2,True,0.7,75,linear,1.0,1.0,43.676119276594626,18.057574214941695,18.057574214941695,25.61854506165293,18.701507568359375,0.5,0.005,46.41011047363281,1616.5010986328125,43.63890075683594,17.303852081298828,26.33504867553711,18.701507568359375,0.0043772561475634575,0.0043772561475634575,8.838142093736678e-06,8.838142093736678e-06,0.0005,0.5,0.8754512295126915,0,0,0.0,2,1.0,0,0,0.0,43.63890075683594,17.098657608032227,0.002733805449679494,0.00923621654510498,0.008644056979268401,0.0,0.9872472000313617,1.045196320435166e-05,30.08793859879725,17.99539414076522,18.29699477526819,18.79575536282714,0.9965565654923337,"{""0"":43.676119276594626,""12"":38.68557760858815,""18"":34.16468141418231,""24"":30.08793859879725,""30"":26.348949988905716,""36"":22.897120893163656,""42"":19.80083698469485,""45"":18.29699477526819,""46"":17.99539414076522,""47"":18.057574214941695,""6"":43.68513053819501}","{""0"":0.01991399223097584,""12"":0.017760311504905174,""18"":0.01578739195109639,""24"":0.013998776700238509,""30"":0.012345610459780564,""36"":0.01080516984665129,""42"":0.00941110334279005,""45"":0.00873174185451782,""46"":0.008601004799382517,""47"":0.008644056979268401,""6"":0.019936152725279797}","{""0"":1.0365074167630173,""12"":1.0294003608884794,""18"":1.0227084572801968,""24"":1.0157494339915891,""30"":1.0086357066221183,""36"":1.001456574309751,""42"":0.9943183190374159,""45"":0.9902751501825672,""46"":0.988761539636127,""47"":0.9872472000313617,""6"":1.0355729241001583}",0:43.6761192766;6:43.6851305382;12:38.6855776086;18:34.1646814142;24:30.0879385988;30:26.3489499889;36:22.8971208932;42:19.8008369847;45:18.2969947753;46:17.9953941408;47:18.0575742149,0.015462418666042543,False,False
90,regularized_plane_flux_controlled_pressure_outlet,interior_reflection_diagnostic_48,False,True,False,False,False,2,True,0.7,75,linear,1.0,1.0,43.81622474431495,24.482308792139033,24.482308792139033,19.333915952175918,19.136335372924805,0.5,0.005,47.782936096191406,1852.8463134765625,43.81968688964844,22.760589599609375,21.059097290039062,19.136335372924805,0.0045069060288369656,0.0045069060288369656,9.043636964634061e-06,9.043636964634061e-06,0.0005,0.5,0.9013812057673931,0,0,0.0,2,1.0,0,0,0.0,43.81968688964844,23.096080780029297,0.0040326667949557304,0.012678895145654678,0.011726335546007074,0.0,0.9866779949973797,2.732856715600218e-05,34.10436912572652,24.23196426160795,23.956802202503983,23.778556769410926,0.9897744721440869,"{""0"":43.81622474431495,""12"":42.437372049432696,""18"":38.08069043581482,""24"":34.10436912572652,""30"":30.42193493291603,""36"":26.98446690761843,""42"":24.024256052599206,""45"":23.956802202503983,""46"":24.23196426160795,""47"":24.482308792139033,""6"":44.64977207185273}","{""0"":0.01997636342667649,""12"":0.019447855741826073,""18"":0.017568475581328815,""24"":0.015843784425140048,""30"":0.014234134211954933,""36"":0.012717513855421714,""42"":0.011408140102933057,""45"":0.011429206031992581,""46"":0.011582590986416449,""47"":0.011726335546007074,""6"":0.02037463080695177}","{""0"":1.0365855262275003,""12"":1.031246551381167,""18"":1.0243664608673246,""24"":1.0172678096420598,""30"":1.010042329422693,""36"":1.002754638517286,""42"":0.9952176238616157,""45"":0.990609241878378,""46"":0.9887156923405389,""47"":0.9866779949973797,""6"":1.0356733733066315}",0:43.8162247443;6:44.6497720719;12:42.4373720494;18:38.0806904358;24:34.1043691257;30:30.4219349329;36:26.9844669076;42:24.0242560526;45:23.9568022025;46:24.2319642616;47:24.4823087921,0.01657237421261134,False,False
95,regularized_plane_flux_controlled_pressure_outlet,interior_reflection_diagnostic_48,False,True,False,False,False,2,True,0.7,75,linear,1.0,1.0,43.75353674926242,30.487768381097943,30.487768381097943,13.26576836816448,18.959428787231445,0.5,0.005,47.90739822387695,2092.95751953125,43.76145553588867,28.954252243041992,14.80720329284668,18.959428787231445,0.004519403912127018,0.004519403912127018,8.960032573668286e-06,8.960032573668286e-06,0.0005,0.5,0.9038807824254036,0,0,0.0,2,1.0,1,3,0.031578947368421054,43.76145553588867,29.422780990600586,0.005644777324050665,0.015379004180431366,0.014607311555867511,0.0,0.9863695268482251,2.3115892829839793e-05,38.177783091544214,30.3998458777673,30.20332155010435,29.91422605504791,0.9971161384384843,"{""0"":43.75353674926242,""12"":46.09913225152795,""18"":42.07277062652481,""24"":38.177783091544214,""30"":34.54152929647607,""36"":31.1469013732708,""42"":29.385272144624665,""45"":30.20332155010435,""46"":30.3998458777673,""47"":30.487768381097943,""6"":44.890874892561484}","{""0"":0.019954716476888196,""12"":0.02109255926179152,""18"":0.019379701857527257,""24"":0.01771018245422047,""30"":0.016139390508227037,""36"":0.014660334758793263,""42"":0.013950245646585575,""45"":0.014421849269930464,""46"":0.014541602263927797,""47"":0.014607311555867511,""6"":0.02049905554649362}","{""0"":1.0362248416208364,""12"":1.0328818884148263,""18"":1.025979019912745,""24"":1.0187591545297878,""30"":1.0114356511481994,""36"":1.0040480566047316,""42"":0.9954910654088726,""45"":0.9897405534475647,""46"":0.9879725022498511,""47"":0.9863695268482251,""6"":1.034934197571868}",0:43.7535367493;6:44.8908748926;12:46.0991322515;18:42.0727706265;24:38.1777830915;30:34.5415292965;36:31.1469013733;42:29.3852721446;45:30.2033215501;46:30.3998458778;47:30.4877683811,0.017360587553875245,False,False
100,regularized_plane_flux_controlled_pressure_outlet,interior_reflection_diagnostic_48,False,True,False,False,False,2,True,0.7,75,linear,1.0,1.0,43.73582913198021,35.50072470033886,35.50072470033886,8.235104431641354,18.20844078063965,0.5,0.005,46.063499450683594,2328.01123046875,43.741668701171875,34.831748962402344,8.909919738769531,18.20844078063965,0.004345552064478397,0.004345552064478397,8.605124094174244e-06,8.605124094174244e-06,0.0005,0.5,0.8691104128956795,0,0,0.0,2,1.0,0,4,0.04,43.741668701171875,34.511390686035156,0.0060533746145665646,0.01785195618867874,0.017004400749412667,0.0,0.9866435739065613,1.1733377673726666e-05,42.300473685362135,35.725884956466345,35.89434976971323,35.968816140038015,1.006342412951512,"{""0"":43.73582913198021,""12"":47.72954879602527,""18"":46.1271013693451,""24"":42.300473685362135,""30"":38.702372081435186,""36"":35.52609857217837,""42"":35.73512111036955,""45"":35.89434976971323,""46"":35.725884956466345,""47"":35.50072470033886,""6"":45.70482022699792}","{""0"":0.019959077315619796,""12"":0.021841351344031836,""18"":0.021214672397084477,""24"":0.0195943749629028,""30"":0.018058850891872296,""36"":0.016702681377359325,""42"":0.016976161322086375,""45"":0.0171402152909392,""46"":0.01708635949201368,""47"":0.017004400749412667,""6"":0.020880102750357586}","{""0"":1.0355787580878613,""12"":1.0327655532747677,""18"":1.0275532728332202,""24"":1.0202286305972894,""30"":1.0128169997202652,""36"":1.0051860214969837,""42"":0.9948219102305591,""45"":0.9896762629932176,""46"":0.9881363782348614,""47"":0.9866435739065613,""6"":1.0344739799688805}",0:43.735829132;6:45.704820227;12:47.729548796;18:46.1271013693;24:42.3004736854;30:38.7023720814;36:35.5260985722;42:35.7351211104;45:35.8943497697;46:35.7258849565;47:35.5007247003,0.01788513635994694,False,False
105,regularized_plane_flux_controlled_pressure_outlet,interior_reflection_diagnostic_48,False,True,False,False,False,2,True,0.7,75,linear,1.0,1.0,43.68741151579943,40.2964735190457,40.2964735190457,3.3909379967537348,17.012126922607422,0.5,0.005,43.25347900390625,2550.14990234375,43.698158264160156,39.91038131713867,3.7877769470214844,17.012126922607422,0.004080107435584068,0.004080107435584068,8.039758540689945e-06,8.039758540689945e-06,0.0005,0.5,0.8160214871168137,0,0,0.0,2,1.0,0,4,0.0380952380952381,43.698158264160156,39.369361877441406,0.0065103620290756226,0.02023462951183319,0.019288295550520106,0.0,0.9873200619772837,1.5124309688977809e-05,46.466458718418444,40.61006007492052,40.883099139377514,41.13187197237972,1.007781985084293,"{""0"":43.68741151579943,""12"":48.264627673986666,""18"":50.000385376849835,""24"":46.466458718418444,""30"":42.91410929085334,""36"":40.70627068093199,""42"":41.50550688601689,""45"":40.883099139377514,""46"":40.61006007492052,""47"":40.2964735190457,""6"":46.23699850874746}","{""0"":0.019954744174491987,""12"":0.022110373406963237,""18"":0.022965445065261738,""24"":0.02149355582389382,""30"":0.019997222750229384,""36"":0.019129095087400048,""42"":0.01971965947382976,""45"":0.019513049578190285,""46"":0.019410956076157962,""47"":0.019288295550520106,""6"":0.021140832534950714}","{""0"":1.0346565180667633,""12"":1.0316206935110075,""18"":1.0289270001232962,""24"":1.021680318002214,""30"":1.0141771939391224,""36"":1.0056721744442707,""42"":0.9946957077894409,""45"":0.9901574532341191,""46"":0.98871699189644,""47"":0.9873200619772837,""6"":1.0336124058143854}",0:43.6874115158;6:46.2369985087;12:48.264627674;18:50.0003853768;24:46.4664587184;30:42.9141092909;36:40.7062706809;42:41.505506886;45:40.8830991394;46:40.6100600749;47:40.296473519,0.018167426290310963,False,False
110,regularized_plane_flux_controlled_pressure_outlet,interior_reflection_diagnostic_48,False,True,False,False,False,2,True,0.7,75,linear,1.0,1.0,43.637814544880634,44.74438493309742,44.74438493309742,-1.106570388216788,15.458194732666016,0.5,0.005,39.52827835083008,2754.20751953125,43.64793014526367,44.67424392700195,-1.0263137817382812,15.458194732666016,0.0037291613407433033,0.0037291613407433033,7.305385224753991e-06,7.305385224753991e-06,0.0005,0.5,0.7458322681486607,0,0,0.0,2,1.0,0,4,0.03636363636363636,44.67424392700195,43.87399673461914,0.0068139126524329185,0.022520169615745544,0.02139702147301568,0.0,0.9882567798144876,6.062481466803441e-06,50.66567673493102,45.18282509150707,45.59049677692545,45.958210120929536,1.00979877495389,"{""0"":43.637814544880634,""12"":49.416690978602986,""18"":51.983771027773685,""24"":50.66567673493102,""30"":47.3006647853758,""36"":46.96895163693533,""42"":46.57097324473446,""45"":45.59049677692545,""46"":45.18282509150707,""47"":44.74438493309742,""6"":46.698876341433774}","{""0"":0.019953818996181618,""12"":0.022653807906190985,""18"":0.023881217451160508,""24"":0.023403121603455656,""30"":0.02201450275501944,""36"":0.02208212894142829,""42"":0.022115237646012625,""45"":0.02174303350272097,""46"":0.021577985105166363,""47"":0.02139702147301568,""6"":0.02137368526692645}","{""0"":1.0335294243180684,""12"":1.0309136309335272,""18"":1.028738534292787,""24"":1.0231133967581678,""30"":1.0154135567479412,""36"":1.005218407438473,""42"":0.9951965140710481,""45"":0.9909187599819415,""46"":0.9895700695158629,""47"":0.9882567798144876,""6"":1.0325644311472237}",0:43.6378145449;6:46.6988763414;12:49.4166909786;18:51.9837710278;24:50.6656767349;30:47.3006647854;36:46.9689516369;42:46.5709732447;45:45.5904967769;46:45.1828250915;47:44.7443849331,0.018220744777069427,False,False
115,regularized_plane_flux_controlled_pressure_outlet,interior_reflection_diagnostic_48,False,True,False,False,False,2,True,0.7,75,linear,1.0,1.0,43.57955415746848,48.97610798031792,48.97610798031792,-5.396553822849441,13.608064651489258,0.5,0.005,35.03578567504883,2940.18408203125,43.592037200927734,49.143272399902344,-5.551235198974609,13.608064651489258,0.0033054272644221783,0.0033054272644221783,6.431032943510218e-06,6.431032943510218e-06,0.0005,0.5,0.6610854528844357,0,0,0.0,2,1.0,0,4,0.034782608695652174,49.143272399902344,48.146934509277344,0.006949030794203281,0.024651864543557167,0.023392714068402723,0.0,0.9894373140567192,6.379436648224402e-06,54.639613814856006,49.50587210501692,50.007765205529154,50.48218083922609,1.0108167869303109,"{""0"":43.57955415746848,""12"":50.22056962882967,""18"":52.66405091600049,""24"":54.639613814856006,""30"":52.3373944088859,""36"":52.95233832533937,""42"":51.336785375199554,""45"":50.007765205529154,""46"":49.50587210501692,""47"":48.97610798031792,""6"":47.048924346161236}","{""0"":0.019952350663151486,""12"":0.023046380948294694,""18"":0.024224697731282132,""24"":0.025208943930370046,""30"":0.02434205970245401,""36"":0.024900013044835658,""42"":0.02435929858167999,""45"":0.02382463585217404,""46"":0.023615941999696674,""47"":0.023392714068402723,""6"":0.021560056558246804}","{""0"":1.0322251496783728,""12"":1.0298377154905538,""18"":1.02740855422047,""24"":1.0243275790899597,""30"":1.0161162999041364,""36"":1.0050074652485226,""42"":0.9959706697042587,""45"":0.99196091035138,""46"":0.9906844157859374,""47"":0.9894373140567192,""6"":1.0313112959969923}",0:43.5795541575;6:47.0489243462;12:50.2205696288;18:52.664050916;24:54.6396138149;30:52.3373944089;36:52.9523383253;42:51.3367853752;45:50.0077652055;46:49.505872105;47:48.9761079803,0.018058678692191483,False,False
120,regularized_plane_flux_controlled_pressure_outlet,interior_reflection_diagnostic_48,False,True,False,False,False,2,True,0.7,75,linear,1.0,1.0,43.51597285135595,53.003921521388136,53.003921521388136,-9.48794867003219,11.51433277130127,0.5,0.005,29.91045379638672,3100.33056640625,43.52885055541992,53.38231658935547,-9.853466033935547,11.51433277130127,0.0028217723593115807,0.0028217723593115807,5.441556368168676e-06,5.441556368168676e-06,0.0005,0.5,0.5643544718623161,0,0,0.0,2,1.0,0,4,0.03333333333333333,53.38231658935547,52.2126579284668,0.007012884132564068,0.02672453410923481,0.025281198317491378,0.0,0.9908205011616582,5.488193009709937e-06,56.94125116438417,53.61637966785909,54.20535634220299,54.768273583294196,1.0115549591217288,"{""0"":43.51597285135595,""12"":50.907829146692606,""18"":53.97833081709871,""24"":56.94125116438417,""30"":58.4238217412411,""36"":58.151749986942264,""42"":55.8105176749023,""45"":54.20535634220299,""46"":53.61637966785909,""47"":53.003921521388136,""6"":47.32704221473848}","{""0"":0.0199512281219188,""12"":0.02338970506199352,""18"":0.024849419239978878,""24"":0.026279396192647783,""30"":0.027179147849002033,""36"":0.02733160841845624,""42"":0.026454080541007265,""45"":0.025791694684128414,""46"":0.025542661892505456,""47"":0.025281198317491378,""6"":0.02171704236181217}","{""0"":1.0307768144431773,""12"":1.0286074916784615,""18"":1.0265800535453515,""24"":1.0240155108033597,""30"":1.0158873912517425,""36"":1.0054976455656026,""42"":0.9970235358113828,""45"":0.9932192703726611,""46"":0.9920072054705232,""47"":0.9908205011616582,""6"":1.029908006155198}",0:43.5159728514;6:47.3270422147;12:50.9078291467;18:53.9783308171;24:56.9412511644;30:58.4238217412;36:58.1517499869;42:55.8105176749;45:54.2053563422;46:53.6163796679;47:53.0039215214,0.01769100410644277,False,False
125,regularized_plane_flux_controlled_pressure_outlet,interior_reflection_diagnostic_48,False,True,False,False,False,2,True,0.7,75,linear,1.0,1.0,43.44779195589528,56.86866358735115,56.86866358735115,-13.420871631455867,9.220000267028809,0.5,0.005,24.257720947265625,3232.06396484375,43.46197509765625,57.42325210571289,-13.96127700805664,9.220000267028809,0.00228874571621418,0.00228874571621418,4.357278157840483e-06,4.357278157840483e-06,0.0005,0.5,0.457749143242836,0,0,0.0,2,1.0,0,4,0.032,57.42325210571289,56.10690689086914,0.007029400207102299,0.028726832941174507,0.027082070078223677,0.0,0.9923753417000203,7.3219940865564425e-06,58.330865041556734,57.54952109640762,58.21077316840227,58.85099740918078,1.011972454883007,"{""0"":43.44779195589528,""12"":51.4487339267284,""18"":54.93163326734745,""24"":58.330865041556734,""30"":64.2596585244429,""36"":63.01329595173138,""42"":60.06183813992044,""45"":58.21077316840227,""46"":57.54952109640762,""47"":56.86866358735115,""6"":47.543900506690754}","{""0"":0.019950317044606845,""12"":0.023670543594785837,""18"":0.025317564817710598,""24"":0.026971147466311848,""30"":0.02990882583922004,""36"":0.02959310941244977,""42"":0.0284330211610609,""45"":0.02765709069528439,""46"":0.02737485688524796,""47"":0.027082070078223677,""6"":0.02184906871927751}","{""0"":1.0292084844666753,""12"":1.027202828451005,""18"":1.02539297296104,""24"":1.0220969908066193,""30"":1.0153748475310933,""36"":1.006291454703686,""42"":0.998292152761061,""45"":0.9946728175495433,""46"":0.9935136894028218,""47"":0.9923753417000203,""6"":1.0283747274844093}",0:43.4477919559;6:47.5439005067;12:51.4487339267;18:54.9316332673;24:58.3308650416;30:64.2596585244;36:63.0132959517;42:60.0618381399;45:58.2107731684;46:57.5495210964;47:56.8686635874,0.01712650875663637,False,False
130,regularized_plane_flux_controlled_pressure_outlet,interior_reflection_diagnostic_48,False,True,False,False,False,2,True,0.7,75,linear,1.0,1.0,43.37564858325911,60.603177324592366,60.603177324592366,-17.22752874133326,6.760865211486816,0.5,0.005,18.181503295898438,3335.38427734375,43.39023971557617,61.302764892578125,-17.912525177001953,6.760865211486816,0.0017151565989479423,0.0017151565989479423,3.195116050846991e-06,3.195116050846991e-06,0.0005,0.5,0.34303131978958845,0,0,0.0,2,1.0,0,4,0.03076923076923077,61.302764892578125,59.865447998046875,0.007065772078931332,0.030668390914797783,0.028811235387064867,0.0,0.9940727542106956,5.292553214150883e-06,61.287410137146146,61.34083136963717,62.06259032023451,62.766905312517004,1.0121718708095766,"{""0"":43.37564858325911,""12"":51.888677425662344,""18"":55.82066975229344,""24"":61.287410137146146,""30"":67.57181459365161,""36"":67.58059642605218,""42"":64.11887836443066,""45"":62.06259032023451,""46"":61.34083136963717,""47"":60.603177324592366,""6"":47.70826814130905}","{""0"":0.019949534186118043,""12"":0.02390862436985354,""18"":0.02576244385324996,""24"":0.028401854963416837,""30"":0.031486481431227294,""36"":0.03170519109308325,""42"":0.030309220450703188,""45"":0.02943936903566643,""46"":0.029129681639357457,""47"":0.028811235387064867,""6"":0.02195962940739725}","{""0"":1.0275395695676426,""12"":1.025669667243056,""18"":1.0239963991768193,""24"":1.0198171875652609,""30"":1.0142258389911039,""36"":1.0073326581592597,""42"":0.9997550158397012,""45"":0.9962874479690437,""46"":0.9951709460164289,""47"":0.9940727542106956,""6"":1.0267338508243598}",0:43.3756485833;6:47.7082681413;12:51.8886774257;18:55.8206697523;24:61.2874101371;30:67.5718145937;36:67.5805964261;42:64.1188783644;45:62.0625903202;46:61.3408313696;47:60.6031773246,0.016372047617641838,False,False
135,regularized_plane_flux_controlled_pressure_outlet,interior_reflection_diagnostic_48,False,True,False,False,False,2,True,0.7,75,linear,1.0,1.0,43.3001850253478,64.23430651907552,64.23430651907552,-20.934121493727716,4.165864944458008,0.5,0.005,11.744657516479492,3410.29150390625,43.31557083129883,65.05438232421875,-21.738811492919922,4.165864944458008,0.0011081509292125702,0.0011081509292125702,1.9687452095240587e-06,1.9687452095240587e-06,0.0005,0.5,0.22163018584251404,0,0,0.0,2,1.0,0,4,0.02962962962962963,65.05438232421875,63.51544952392578,0.007068747654557228,0.03255186602473259,0.030481783922062747,0.0,0.9958898510171245,4.926952196304958e-06,64.21858925637807,65.01946060036579,65.79157760526101,66.54969341636189,1.0122232826014415,"{""0"":43.3001850253478,""12"":52.24916651576633,""18"":56.93553564285611,""24"":64.21858925637807,""30"":69.03245031797053,""36"":71.56835224293911,""42"":68.01824773057119,""45"":65.79157760526101,""46"":65.01946060036579,""47"":64.23430651907552,""6"":47.83404136072472}","{""0"":0.019948856105820218,""12"":0.02411346249328574,""18"":0.026325510140281304,""24"":0.029845297838330606,""30"":0.032229274659662285,""36"":0.03354272633590269,""42"":0.032100302715643195,""45"":0.031153518376680046,""46"":0.03082133072850053,""47"":0.030481783922062747,""6"":0.022054682549688655}","{""0"":1.0257865135859001,""12"":1.0240216211245055,""18"":1.0221165034405901,""24"":1.0168986692883792,""30"":1.0122569099716519,""36"":1.00834063765908,""42"":1.0013795069124838,""45"":0.998036418046753,""46"":0.9969553993081776,""47"":0.9958898510171245,""6"":1.025003412777174}",0:43.3001850253;6:47.8340413607;12:52.2491665158;18:56.9355356429;24:64.2185892564;30:69.032450318;36:71.5683522429;42:68.0182477306;45:65.7915776053;46:65.0194606004;47:64.2343065191,0.015433123101678072,False,False
140,regularized_plane_flux_controlled_pressure_outlet,interior_reflection_diagnostic_48,False,True,False,False,False,2,True,0.7,75,linear,1.0,1.0,43.222025575986706,67.78242012404621,67.78242012404621,-24.560394548059506,1.458571195602417,0.5,0.005,5.017725467681885,3449.03662109375,43.23772430419922,68.70294952392578,-25.465225219726562,1.458571195602417,0.00047354225534945726,0.00047354225534945726,6.893059207868646e-07,6.893059207868646e-07,0.0005,0.5,0.09470845106989145,0,0,0.0,2,1.0,0,4,0.02857142857142857,68.70294952392578,67.07862854003906,0.007074944209307432,0.034387461841106415,0.032103681712832115,0.0,0.9978075244081944,4.533161881482467e-06,66.25370205395839,68.60772357716135,69.42204210360018,70.22341198705001,1.0121757743616233,"{""0"":43.222025575986706,""12"":52.59737508616367,""18"":58.80353518840035,""24"":66.25370205395839,""30"":70.74999506505662,""36"":73.68271652546332,""42"":71.767156489925,""45"":69.42204210360018,""46"":68.60772357716135,""47"":67.78242012404621,""6"":47.92426843954881}","{""0"":0.01994831816404213,""12"":0.024316651129453408,""18"":0.027263155514471206,""24"":0.030864287463997424,""30"":0.033072906118704955,""36"":0.03453809326067426,""42"":0.03381078150334622,""45"":0.03281142061403715,""46"":0.032460715164411076,""47"":0.032103681712832115,""6"":0.022135294796256366}","{""0"":1.0239623045312884,""12"":1.0222332920379134,""18"":1.019354692309926,""24"":1.0144754278073915,""30"":1.0109730056418362,""36"":1.0082333977483846,""42"":1.003120719090752,""45"":0.9998977287674221,""46"":0.9988462600737303,""47"":0.9978075244081944,""6"":1.0231966862493742}",0:43.222025576;6:47.9242684395;12:52.5973750862;18:58.8035351884;24:66.253702054;30:70.7499950651;36:73.6827165255;42:71.7671564899;45:69.4220421036;46:68.6077235772;47:67.782420124,0.014314088273838059,False,False
145,regularized_plane_flux_controlled_pressure_outlet,interior_reflection_diagnostic_48,False,True,False,False,False,2,True,0.7,75,linear,1.0,1.0,43.14140156244777,71.25986865314908,71.25986865314908,-28.118467090701316,-1.3413128852844238,0.5,0.005,1.952131986618042,3456.78564453125,43.15771484375,72.25434112548828,-29.09662628173828,-1.3413128852844238,-0.00018386120791547,0.00018386120791547,-6.338908065117721e-07,6.338908065117721e-07,0.0005,0.5,0.036772241583094,0,0,0.0,2,1.0,0,4,0.027586206896551724,72.25434112548828,70.57071685791016,0.007082231808453798,0.03616327792406082,0.0336831032106167,0.0,0.9998097067631936,5.2773214244240044e-06,67.60844763473395,72.11353582588077,72.94384019751722,73.73251341732559,1.011979634384212,"{""0"":43.14140156244777,""12"":53.19000339652667,""18"":61.123075406495786,""24"":67.60844763473395,""30"":71.88170145103601,""36"":74.2181320533372,""42"":75.02526397388034,""45"":72.94384019751722,""46"":72.11353582588077,""47"":71.25986865314908,""6"":47.993831272432345}","{""0"":0.01994781977090358,""12"":0.024641856332974145,""18"":0.02843221164962527,""24"":0.031561352681616826,""30"":0.03364633261521007,""36"":0.03482623857121196,""42"":0.03529098956882672,""45"":0.03440937317163104,""46"":0.03405214165731743,""47"":0.0336831032106167,""6"":0.02220810490038901}","{""0"":1.0220776107901661,""12"":1.0201146663474676,""18"":1.0159874148314751,""24"":1.0123552299176812,""30"":1.0096448850316226,""36"":1.0071460436783126,""42"":1.0046853081152434,""45"":1.0018330627668557,""46"":1.0008202841354001,""47"":0.9998097067631936,""6"":1.021322326928321}",0:43.1414015624;6:47.9938312724;12:53.1900033965;18:61.1230754065;24:67.6084476347;30:71.881701451;36:74.2181320533;42:75.0252639739;45:72.9438401975;46:72.1135358259;47:71.2598686531,0.01301846033045535,False,False
150,regularized_plane_flux_controlled_pressure_outlet,interior_reflection_diagnostic_48,False,True,False,False,False,2,True,0.7,75,linear,1.0,1.0,43.05880646161227,74.53925036652805,74.53925036652805,-31.48044390491578,-4.205934047698975,0.5,0.005,9.100996971130371,3487.78173828125,43.07545471191406,75.46833038330078,-32.39287567138672,-4.205934047698975,-0.0008581691654399037,0.0008581691654399037,-1.9876815713359974e-06,1.9876815713359974e-06,0.0005,0.5,0.17163383308798075,0,0,0.0,2,1.0,0,4,0.02666666666666667,75.46833038330078,73.92638397216797,0.0070815072394907475,0.0378023162484169,0.0351609260676559,0.0,1.0018650175042323,4.791989570996636e-06,68.55954430418082,75.34013961554383,75.98559969559187,76.42819241963815,1.0107445305000735,"{""0"":43.05880646161227,""12"":54.49828623838772,""18"":62.80692173388678,""24"":68.55954430418082,""30"":72.6129018543652,""36"":75.0702784038559,""42"":76.56349948399065,""45"":75.98559969559187,""46"":75.34013961554383,""47"":74.53925036652805,""6"":48.082964088009106}","{""0"":0.019947427179706625,""12"":0.025318882563230644,""18"":0.029300707923855796,""24"":0.032068461992659926,""30"":0.03403218048369417,""36"":0.035245897500803924,""42"":0.03600158929514095,""45"":0.03578336653211603,""46"":0.035507899219177255,""47"":0.0351609260676559,""6"":0.02229226082737253}","{""0"":1.0201407322248124,""12"":1.0172677467135265,""18"":1.013014917675624,""24"":1.0103577796250074,""30"":1.008351011289766,""36"":1.0065748218890624,""42"":1.0050692028156525,""45"":1.0035465247013617,""46"":1.002736893797642,""47"":1.0018650175042323,""6"":1.019357171930753}",0:43.0588064616;6:48.082964088;12:54.4982862384;18:62.8069217339;24:68.5595443042;30:72.6129018544;36:75.0702784039;42:76.563499484;45:75.9855996956;46:75.3401396155;47:74.5392503665,0.011551085370108627,False,False
155,regularized_plane_flux_controlled_pressure_outlet,interior_reflection_diagnostic_48,False,True,False,False,False,2,True,0.7,75,linear,1.0,1.0,42.97438555931048,76.48468279402039,76.48468279402039,-33.51029723470991,-7.037067413330078,0.5,0.005,16.22513771057129,3554.93994140625,42.9914436340332,77.18981170654297,-34.198368072509766,-7.037067413330078,-0.0015304117696359754,0.0015304117696359754,-3.3256465030717663e-06,3.3256465030717663e-06,0.0005,0.5,0.30608235392719507,0,0,0.0,2,1.0,0,4,0.025806451612903226,77.18981170654297,76.32058715820312,0.006951817311346531,0.03869445249438286,0.03600714310021307,0.0,1.0038549363725804,1.5687756867492593e-05,69.13955307900001,77.06464602380788,77.23941445589873,77.1325841868118,1.0075827369428907,"{""0"":42.97438555931048,""12"":56.45079143824219,""18"":63.81093324721085,""24"":69.13955307900001,""30"":72.9964167046896,""36"":75.5225896837176,""42"":76.6718563782114,""45"":77.23941445589873,""46"":77.06464602380788,""47"":76.48468279402039,""6"":48.3921892629737}","{""0"":0.019947166161150415,""12"":0.026316878376048874,""18"":0.029842896966196752,""24"":0.032399262974588006,""30"":0.03425478943824303,""36"":0.03548305089051161,""42"":0.03607467959092715,""45"":0.03635223444933265,""46"":0.036274495113831164,""47"":0.03600714310021307,""6"":0.022484486149747226}","{""0"":1.0181538168559228,""12"":1.0137496365829317,""18"":1.0105089008920811,""24"":1.0085035941100526,""30"":1.0070882375952426,""36"":1.0058779664661572,""42"":1.0044407727925673,""45"":1.004161635058138,""46"":1.004026696959155,""47"":1.0038549363725804,""6"":1.0171466175685082}",0:42.9743855593;6:48.392189263;12:56.4507914382;18:63.8109332472;24:69.139553079;30:72.9964167047;36:75.5225896837;42:76.6718563782;45:77.2394144559;46:77.0646460238;47:76.484682794,0.00994160098963251,False,False
160,regularized_plane_flux_controlled_pressure_outlet,interior_reflection_diagnostic_48,False,True,False,False,False,2,True,0.7,75,linear,1.0,1.0,42.8884050943048,75.1044417306758,75.1044417306758,-32.216036636371,-9.633455276489258,0.5,0.005,22.865394592285156,3655.67724609375,42.90573501586914,76.64036560058594,-33.7346305847168,-9.633455276489258,-0.002156902104616165,0.002156902104616165,-4.552672635327326e-06,4.552672635327326e-06,0.0005,0.5,0.43138042092323303,0,0,0.0,2,1.0,0,4,0.025,76.64036560058594,75.62407684326172,0.006093199830502272,0.03840041160583496,0.03529123537790819,0.0,1.0057326834684057,1.4964398519584861e-05,69.41314979656042,75.81917137407743,76.3546629256995,76.72514709615128,1.009516476348558,"{""0"":42.8884050943048,""12"":58.038241284132525,""18"":64.4691260910682,""24"":69.41314979656042,""30"":73.09567759137265,""36"":75.66841818040723,""42"":77.01250729836518,""45"":76.3546629256995,""46"":75.81917137407743,""47"":75.1044417306758,""6"":49.34286181569351}","{""0"":0.019947990283919304,""12"":0.02714450783950113,""18"":0.03021994078952629,""24"":0.03258375948561718,""30"":0.03434358113216472,""36"":0.03557876528910624,""42"":0.03624048993072432,""45"":0.03592513171720031,""46"":0.03565399671793829,""47"":0.03529123537790819,""6"":0.02299011575481951}","{""0"":1.0160746569894887,""12"":1.0104618163775856,""18"":1.0081920547724221,""24"":1.00676200329018,""30"":1.0058489696515305,""36"":1.0051055137060991,""42"":1.0042752624684785,""45"":1.0044304070490746,""46"":1.0049725950665644,""47"":1.0057326834684057,""6"":1.0143276485130333}",0:42.8884050943;6:49.3428618157;12:58.0382412841;18:64.4691260911;24:69.4131497966;30:73.0956775914;36:75.6684181804;42:77.0125072984;45:76.3546629257;46:75.8191713741;47:75.1044417307,0.008308573729853323,False,False
165,regularized_plane_flux_controlled_pressure_outlet,interior_reflection_diagnostic_48,False,True,False,False,False,2,True,0.7,75,linear,1.0,1.0,42.797512507015455,72.53080756110788,72.53080756110788,-29.733295054092423,-11.85498332977295,0.5,0.005,28.630481719970703,3787.41064453125,42.816802978515625,74.81305694580078,-31.996253967285156,-11.85498332977295,-0.0027002214919775724,0.0027002214919775724,-5.602544206340099e-06,5.602544206340099e-06,0.0005,0.5,0.5400442983955145,0,0,0.0,2,1.0,0,4,0.024242424242424242,74.81305694580078,72.9449691772461,0.004279967863112688,0.03715970367193222,0.03401721241824075,0.0,1.0076421573617282,5.0737368223788855e-05,69.42321490443254,73.38311234644121,74.34016869894958,75.24620887944542,1.0117509347268092,"{""0"":42.797512507015455,""12"":58.92405777634778,""18"":64.81850731756408,""24"":69.42321490443254,""30"":72.9640912815232,""36"":75.5729347608254,""42"":76.41099948424142,""45"":74.34016869894958,""46"":73.38311234644121,""47"":72.53080756110788,""6"":51.025251923956986}","{""0"":0.01995322397084368,""12"":0.02763359623874004,""18"":0.03044831932527638,""24"":0.032641502505032755,""30"":0.034323207766217285,""36"":0.035562882607667184,""42"":0.03594818598540616,""45"":0.03490991710019711,""46"":0.03443690963813045,""47"":0.03401721241824075,""6"":0.023856780052185937}","{""0"":1.0136553020355608,""12"":1.0077236655867168,""18"":1.006055756023115,""24"":1.005126697354596,""30"":1.00463339061052,""36"":1.004284283332879,""42"":1.0045262735710252,""45"":1.0063453989916804,""46"":1.007039974339743,""47"":1.0076421573617282,""6"":1.0108059479068041}",0:42.797512507;6:51.025251924;12:58.9240577763;18:64.8185073176;24:69.4232149044;30:72.9640912815;36:75.5729347608;42:76.4109994842;45:74.3401686989;46:73.3831123464;47:72.5308075611,0.00678249921299935,False,False
170,regularized_plane_flux_controlled_pressure_outlet,interior_reflection_diagnostic_48,False,True,False,False,False,2,True,0.7,75,linear,1.0,1.0,42.67442028984193,70.94770046096878,70.94770046096878,-28.273280171126842,-13.656397819519043,0.5,0.005,33.35175323486328,3944.97412109375,42.704654693603516,72.43701934814453,-29.732364654541016,-13.656397819519043,-0.0031456388533115387,0.0031456388533115387,-6.453874448197894e-06,6.453874448197894e-06,0.0005,0.5,0.6291277706623077,0,0,0.0,2,1.0,0,4,0.023529411764705882,72.43701934814453,71.26170349121094,0.0032869535498321056,0.03636240214109421,0.03322403224991434,0.0,1.0091845557121788,1.6421394697153014e-05,69.21662747814739,71.47943900931547,72.01261191185463,72.62576777250841,1.0074947960947547,"{""0"":42.67442028984193,""12"":59.45842513359086,""18"":64.89929636660733,""24"":69.21662747814739,""30"":72.6379418313305,""36"":75.21304370841699,""42"":74.12565229800941,""45"":72.01261191185463,""46"":71.47943900931547,""47"":70.94770046096878,""6"":52.55357204471428}","{""0"":0.01996289571352824,""12"":0.027953349177757304,""18"":0.03054631462550435,""24"":0.032594687943364405,""30"":0.03421059487293349,""36"":0.03542232565121419,""42"":0.03482414025853833,""45"":0.0337564799085608,""46"":0.03348893031569476,""47"":0.03322403224991434,""6"":0.024656471047336533}","{""0"":1.0102500912147119,""12"":1.0052294546917842,""18"":1.0040798944426395,""24"":1.0035767007640268,""30"":1.0034347801330183,""36"":1.003463184788457,""42"":1.0059149682183797,""45"":1.0081815019334421,""46"":1.0087152147676184,""47"":1.0091845557121788,""6"":1.007301781826524}",0:42.6744202898;6:52.5535720447;12:59.4584251336;18:64.8992963666;24:69.2166274781;30:72.6379418313;36:75.2130437084;42:74.125652298;45:72.0126119119;46:71.4794390093;47:70.947700461,0.0053366234358200575,False,False
175,regularized_plane_flux_controlled_pressure_outlet,interior_reflection_diagnostic_48,False,True,False,False,False,2,True,0.7,75,linear,1.0,1.0,42.452277251165725,69.15763627080115,69.15763627080115,-26.705359019635424,-15.09384822845459,0.5,0.005,37.126644134521484,4123.20166015625,42.50663757324219,70.45228576660156,-27.945648193359375,-15.09384822845459,-0.003501630388200283,0.003501630388200283,-7.133198778319638e-06,7.133198778319638e-06,0.0005,0.5,0.7003260776400566,0,0,0.0,2,1.0,0,4,0.022857142857142857,70.45228576660156,69.53142547607422,0.002887013368308544,0.03552680462598801,0.032347499010780746,0.0,1.0103728024179859,3.4306164472114476e-05,68.83088404039754,69.61519950029577,70.05950402635034,70.47994180072195,1.006616235808045,"{""0"":42.452277251165725,""12"":59.71365236218017,""18"":64.75218350954947,""24"":68.83088404039754,""30"":72.15083249009547,""36"":74.2290575050526,""42"":71.34498672598596,""45"":70.05950402635034,""46"":69.61519950029577,""47"":69.15763627080115,""6"":53.20415127624464}","{""0"":0.01995377305680305,""12"":0.02813793561940252,""18"":0.030532975788848803,""24"":0.03246087910491262,""30"":0.03402124107366389,""36"":0.034974587077296046,""42"":0.033465381915393215,""45"":0.03280457263204598,""46"":0.032578680991100076,""47"":0.032347499010780746,""6"":0.02503841515588231}","{""0"":1.005450201226092,""12"":1.0029236736279579,""18"":1.0022409820827058,""24"":1.0020977912755904,""30"":1.0022539342621548,""36"":1.0030005538170639,""42"":1.007510139834002,""45"":1.0092843070710764,""46"":1.0098352362392982,""47"":1.0103728024179859,""6"":1.0042135239999552}",0:42.4522772512;6:53.2041512762;12:59.7136523622;18:64.7521835095;24:68.8308840404;30:72.1508324901;36:74.2290575051;42:71.344986726;45:70.0595040264;46:69.6151995003;47:69.1576362708,0.003945316109987047,False,False
180,regularized_plane_flux_controlled_pressure_outlet,interior_reflection_diagnostic_48,False,True,False,False,False,2,True,0.7,75,linear,1.0,1.0,42.160599774188114,67.28445445337633,67.28445445337633,-25.123854679188213,-16.22809600830078,0.5,0.005,40.11638259887695,4319.51025390625,42.214908599853516,68.42475891113281,-26.209850311279297,-16.22809600830078,-0.0037837433628737926,0.0037837433628737926,-7.66923312767176e-06,7.66923312767176e-06,0.0005,0.5,0.7567486725747585,0,0,0.0,2,1.0,0,4,0.022222222222222223,68.42475891113281,67.6589584350586,0.002076599979773164,0.03472008928656578,0.03144111419677565,0.0,1.011346074493711,2.5786891341914194e-05,68.29529808075382,67.64629719337779,68.00755463112316,68.36915033159073,1.005377805957425,"{""0"":42.160599774188114,""12"":59.672922761271,""18"":64.41300673453122,""24"":68.29529808075382,""30"":71.4929710897861,""36"":71.83138470539461,""42"":69.07054333072762,""45"":68.00755463112316,""46"":67.64629719337779,""47"":67.28445445337633,""6"":52.88245246201025}","{""0"":0.01991712265262391,""12"":0.02817923820265947,""18"":0.030425422838013198,""24"":0.032253990279702514,""30"":0.03374924472689854,""36"":0.03382267430919841,""42"":0.03236961157696272,""45"":0.03181359134092909,""46"":0.031626922068417614,""47"":0.03144111419677565,""6"":0.02496769667967506}","{""0"":1.0003793312268356,""12"":1.0007737779775054,""18"":1.0005166110334414,""24"":1.0006778847517723,""30"":1.0011177669175406,""36"":1.0036410164855605,""42"":1.00840621290901,""45"":1.0102421197976867,""46"":1.010810348115481,""47"":1.011346074493711,""6"":1.0009761927033192}",0:42.1605997742;6:52.882452462;12:59.6729227613;18:64.4130067345;24:68.2952980808;30:71.4929710898;36:71.8313847054;42:69.0705433307;45:68.0075546311;46:67.6462971934;47:67.2844544534,0.0026269080492925478,False,False
185,regularized_plane_flux_controlled_pressure_outlet,interior_reflection_diagnostic_48,False,True,False,False,False,2,True,0.7,75,linear,1.0,1.0,41.98974826689107,65.38511010236974,65.38511010236974,-23.395361835478667,-17.07871437072754,0.5,0.005,42.38055419921875,4526.15087890625,42.01055145263672,66.34474182128906,-24.334190368652344,-17.07871437072754,-0.003998018801212311,0.003998018801212311,-8.071226147876587e-06,8.071226147876587e-06,0.0005,0.5,0.7996037602424622,0,0,0.0,2,1.0,0,4,0.021621621621621623,66.34474182128906,65.7684555053711,0.0016345742624253035,0.03389488905668259,0.030531040461531916,0.0,1.012092097776824,2.414812903525779e-05,67.63358641308582,65.65788376013757,65.93151553519188,66.20635245881087,1.0041718008479417,"{""0"":41.98974826689107,""12"":59.22638893806214,""18"":63.90986732839093,""24"":67.63358641308582,""30"":70.40128789351797,""36"":68.57940560644994,""42"":66.77268044490677,""45"":65.93151553519188,""46"":65.65788376013757,""47"":65.38511010236974,""6"":51.47665545091635}","{""0"":0.01991510011312078,""12"":0.028028651726007856,""18"":0.030237127837305977,""24"":0.031985267371798395,""30"":0.0332618868029069,""36"":0.03225008755550845,""42"":0.03126949760352045,""45"":0.0308198037485012,""46"":0.03067483667563515,""47"":0.030531040461531916,""6"":0.024394539561512614}","{""0"":0.9964268032905059,""12"":0.9986257568593286,""18"":0.9988829411552174,""24"":0.9993073095220699,""30"":1.000266494282252,""36"":1.0049419398569204,""42"":1.0091567712718013,""45"":1.0109875072040269,""46"":1.0115498687459301,""47"":1.012092097776824,""6"":0.9972639164706034}",0:41.9897482669;6:51.4766554509;12:59.2263889381;18:63.9098673284;24:67.6335864131;30:70.4012878935;36:68.5794056064;42:66.7726804449;45:65.9315155352;46:65.6578837601;47:65.3851101024,0.0013984397931638272,False,False
190,regularized_plane_flux_controlled_pressure_outlet,interior_reflection_diagnostic_48,False,True,False,False,False,2,True,0.7,75,linear,1.0,1.0,41.90392249173348,63.481378082078876,63.481378082078876,-21.577455590345394,-17.6602840423584,0.5,0.005,43.977394104003906,4737.95751953125,41.92414474487305,64.27839660644531,-22.354251861572266,-17.6602840423584,-0.004147978499531746,0.004147978499531746,-8.346069989784155e-06,8.346069989784155e-06,0.0005,0.5,0.8295956999063492,0,0,0.0,2,1.0,0,4,0.021052631578947368,64.27839660644531,63.860069274902344,0.001195352990180254,0.03303949162364006,0.029626214822029363,0.0,1.0126353596356505,2.4081803931845677e-05,66.84118320631012,63.67106913110946,63.86693481394993,64.06945711110212,1.0029881369113525,"{""0"":41.90392249173348,""12"":58.031661043195214,""18"":63.23239085526156,""24"":66.84118320631012,""30"":68.13653390796348,""36"":65.85412437578343,""42"":64.48524816367005,""45"":63.86693481394993,""46"":63.67106913110946,""47"":63.481378082078876,""6"":49.63137872473272}","{""0"":0.019937406037009844,""12"":0.0275313607390639,""18"":0.029964188060882573,""24"":0.031651975115517324,""30"":0.032187780562967824,""36"":0.030946833146078025,""42"":0.030180900420162596,""45"":0.029838334520995293,""46"":0.029730426138337342,""47"":0.029626214822029363,""6"":0.023607026280118733}","{""0"":0.9932775273496577,""12"":0.9961664031888227,""18"":0.997296822854161,""24"":0.9979969356878042,""30"":1.0003741833404243,""36"":1.0056568265299266,""42"":1.0097481299663535,""45"":1.0115470130750046,""46"":1.0121033544914484,""47"":1.0126353596356505,""6"":0.9935791163453533}",0:41.9039224917;6:49.6313787247;12:58.0316610432;18:63.2323908553;24:66.8411832063;30:68.136533908;36:65.8541243758;42:64.4852481637;45:63.8669348139;46:63.6710691311;47:63.4813780821,0.0002645993530139956,False,False
195,regularized_plane_flux_controlled_pressure_outlet,interior_reflection_diagnostic_48,False,True,False,False,False,2,True,0.7,75,linear,1.0,1.0,41.782813554988955,61.60457912116649,61.60457912116649,-19.821765566177532,-17.998464584350586,0.5,0.005,44.934444427490234,4970.42822265625,41.806583404541016,62.240047454833984,-20.43346405029297,-17.998464584350586,-0.004239081405103207,0.004239081405103207,-8.505891855747905e-06,8.505891855747905e-06,0.0005,0.5,0.8478162810206413,0,0,0.0,2,1.0,0,4,0.020512820512820513,62.240047454833984,61.97679901123047,0.000920959108043462,0.0321979857981205,0.02874035966024837,0.0,1.012985988409172,2.377955121181847e-05,65.72665806762409,61.71822889744629,61.83829283008467,61.96581054600917,1.001844826762898,"{""0"":41.782813554988955,""12"":55.89272976469316,""18"":62.244946054928064,""24"":65.72665806762409,""30"":64.75693310395361,""36"":63.288326067995776,""42"":62.247118483576216,""45"":61.83829283008467,""46"":61.71822889744629,""47"":61.60457912116649,""6"":48.27563894143013}","{""0"":0.019935654441074296,""12"":0.026596537435344562,""18"":0.0295459699412299,""24"":0.031158017397867884,""30"":0.030559077331424815,""36"":0.02972635264612518,""42"":0.029121102277892167,""45"":0.028879712432512215,""46"":0.028808187178758833,""47"":0.02874035966024837,""6"":0.023030653705572647}","{""0"":0.9904936072055694,""12"":0.9931760385829694,""18"":0.9956237431228273,""24"":0.9969065098940537,""30"":1.0014305746848282,""36"":1.0061521914370344,""42"":1.0101761526669357,""45"":1.0119266245225427,""46"":1.0124676686716891,""47"":1.012985988409172,""6"":0.9906107697966869}",0:41.782813555;6:48.2756389414;12:55.8927297647;18:62.2449460549;24:65.7266580676;30:64.756933104;36:63.288326068;42:62.2471184836;45:61.8382928301;46:61.7182288974;47:61.6045791212,-0.000779507817875385,False,False
200,regularized_plane_flux_controlled_pressure_outlet,interior_reflection_diagnostic_48,False,True,False,False,False,2,True,0.7,75,linear,1.0,1.0,41.68657152404327,59.76476056701796,59.76476056701796,-18.078189042974685,-18.12225914001465,0.5,0.005,45.36052703857422,5202.89892578125,41.70342254638672,60.25382995605469,-18.55040740966797,-18.12225914001465,-0.004278239794075489,0.004278239794075489,-8.564395102439448e-06,8.564395102439448e-06,0.0005,0.5,0.8556479588150978,0,0,0.0,2,1.0,0,4,0.02,60.25382995605469,60.129520416259766,0.0006380607956089079,0.03136329725384712,0.027877087588614558,0.0,1.0131655596267073,2.3433566048865062e-05,63.611375998525745,59.81086218285353,59.863335877874675,59.9227858900973,1.000771384598519,"{""0"":41.68657152404327,""12"":53.42991433931823,""18"":60.594151089561535,""24"":63.611375998525745,""30"":61.708213246097564,""36"":60.742633245074884,""42"":60.06847809165745,""45"":59.863335877874675,""46"":59.81086218285353,""47"":59.76476056701796,""6"":47.292213897097554}","{""0"":0.019937415040381577,""12"":0.02550302607489051,""18"":0.028821680863389643,""24"":0.03016471130575805,""30"":0.029100527812866317,""36"":0.028519359091602133,""42"":0.028094244400797004,""45"":0.02795148899127656,""46"":0.02791251889165356,""47"":0.027877087588614558,""6"":0.02261606041117112}","{""0"":0.9881249240868935,""12"":0.9901009581997173,""18"":0.9935855275629148,""24"":0.996576748126396,""30"":1.002133845212554,""36"":1.006560767080022,""42"":1.0104490172660192,""45"":1.0121376420351869,""46"":1.0126612867547344,""47"":1.0131655596267073,""6"":0.9882261256752483}",0:41.686571524;6:47.2922138971;12:53.4299143393;18:60.5941510896;24:63.6113759985;30:61.7082132461;36:60.7426332451;42:60.0684780917;45:59.8633358779;46:59.8108621829;47:59.764760567,-0.001735093732843928,False,False
205,regularized_plane_flux_controlled_pressure_outlet,interior_reflection_diagnostic_48,False,True,False,False,False,2,True,0.7,75,linear,1.0,1.0,41.60939664511583,57.966572772557996,57.966572772557996,-16.357176127442166,-18.054868698120117,0.5,0.005,45.28247833251953,5435.36962890625,41.62434768676758,58.32280731201172,-16.69845962524414,-18.054868698120117,-0.0042711361311376095,0.0042711361311376095,-8.532546416972764e-06,8.532546416972764e-06,0.0005,0.5,0.8542272262275219,0,0,0.0,2,1.0,0,4,0.01951219512195122,58.32280731201172,58.32292938232422,0.0003913027758244425,0.030565306544303894,0.02703758584745486,0.0,1.0131937360605805,2.229755652270049e-05,60.049464892377344,57.95182237027498,57.94357371610234,57.942852798653945,0.9997455360636743,"{""0"":41.60939664511583,""12"":51.512737323932406,""18"":57.943189839114865,""24"":60.049464892377344,""30"":59.00210312952788,""36"":58.28738535557459,""42"":57.9661321919359,""45"":57.94357371610234,""46"":57.95182237027498,""47"":57.966572772557996,""6"":46.38066696673374}","{""0"":0.019941117394440905,""12"":0.0246492827821493,""18"":0.027629311243215195,""24"":0.02845868490505849,""30"":0.02781469688089998,""36"":0.02735931261565,""42"":0.027107710053431714,""45"":0.02705356455513944,""46"":0.02704383353917564,""47"":0.02703758584745486,""6"":0.022227399622537777}","{""0"":0.9861124716206174,""12"":0.9876147751434088,""18"":0.9911178092143035,""24"":0.997172310075147,""30"":1.0024788363894803,""36"":1.006828817618141,""42"":1.0105694989851608,""45"":1.0121969579523589,""46"":1.0127039493144347,""47"":1.0131937360605805,""6"":0.9861286464226494}",0:41.6093966451;6:46.3806669667;12:51.5127373239;18:57.9431898391;24:60.0494648924;30:59.0021031295;36:58.2873853556;42:57.9661321919;45:57.9435737161;46:57.9518223703;47:57.9665727726,-0.0026031542180907676,False,False
210,regularized_plane_flux_controlled_pressure_outlet,interior_reflection_diagnostic_48,False,True,False,False,False,2,True,0.7,75,linear,1.0,1.0,41.53958194833459,56.21001693955408,56.21001693955408,-14.670434991219487,-17.818880081176758,0.5,0.005,44.769554138183594,5667.84033203125,41.5525016784668,56.448368072509766,-14.895866394042969,-17.818880081176758,-0.0042231339029967785,0.0042231339029967785,-8.421021448157262e-06,8.421021448157262e-06,0.0005,0.5,0.8446267805993557,0,0,0.0,2,1.0,0,4,0.01904761904761905,56.448368072509766,56.558040618896484,0.00020229093206580728,0.029788954183459282,0.0262210053157356,0.0,1.0130879391681946,2.117568895236741e-05,55.96796536264401,56.142013257773435,56.0801720201123,56.02523727328149,0.9987901857091811,"{""0"":41.53958194833459,""12"":50.053184365226564,""18"":54.32039503483294,""24"":55.96796536264401,""30"":56.26098798201252,""36"":55.91635659389153,""42"":55.938812914059014,""45"":56.0801720201123,""46"":56.142013257773435,""47"":56.21001693955408,""6"":45.60572465253511}","{""0"":0.019942397605592563,""12"":0.023998835219529373,""18"":0.02595309689793395,""24"":0.026521978673430816,""30"":0.026515696573814786,""36"":0.026242607182136293,""42"":0.02616011205826442,""45"":0.026185504995592294,""46"":0.026201630344186,""47"":0.0262210053157356,""6"":0.021895789732157018}","{""0"":0.9843947695874536,""12"":0.9856480790446521,""18"":0.9891199419426332,""24"":0.9973004851595891,""30"":1.0027463734713304,""36"":1.0069709659073438,""42"":1.0105520395002203,""45"":1.0121209277209804,""46"":1.0126122366390518,""47"":1.0130879391681946,""6"":0.9843371749093267}",0:41.5395819483;6:45.6057246525;12:50.0531843652;18:54.3203950348;24:55.9679653626;30:56.260987982;36:55.9163565939;42:55.9388129141;45:56.0801720201;46:56.1420132578;47:56.2100169396,-0.0033856649315612605,False,False
215,regularized_plane_flux_controlled_pressure_outlet,interior_reflection_diagnostic_48,False,True,False,False,False,2,True,0.7,75,linear,1.0,1.0,41.482358452770285,54.49460217752366,54.49460217752366,-13.012243724753375,-17.434864044189453,0.5,0.005,43.87440490722656,5895.14501953125,41.49312973022461,54.62837600708008,-13.135246276855469,-17.434864044189453,-0.004139210097491741,0.004139210097491741,-8.239539056376088e-06,8.239539056376088e-06,0.0005,0.5,0.8278420194983482,0,0,0.0,2,1.0,0,4,0.018604651162790697,54.62837600708008,54.83451843261719,1.7697848306852393e-05,0.02902442403137684,0.025426410416754232,0.0,1.0128644502005189,1.9554558057482806e-05,51.658264658131586,54.379799283725845,54.270535815905916,54.16750943050867,0.9978933162329761,"{""0"":41.482358452770285,""12"":48.62944272169581,""18"":50.03930180750481,""24"":51.658264658131586,""30"":53.422211484057826,""36"":53.640282652342066,""42"":53.982994875817,""45"":54.270535815905916,""46"":54.379799283725845,""47"":54.49460217752366,""6"":44.95874242000244}","{""0"":0.0199445539007988,""12"":0.02335511329723566,""18"":0.02391707911762952,""24"":0.024502523287440632,""30"":0.025178395323600576,""36"":0.025174336365560757,""42"":0.025248985496148933,""45"":0.025345443079533,""46"":0.025384487200667216,""47"":0.025426410416754232,""6"":0.02161859550591671}","{""0"":0.9829324477111009,""12"":0.9840093208846613,""18"":0.9886954063954561,""24"":0.9963778533421752,""30"":1.0027299584197638,""36"":1.00697318001145,""42"":1.010410268669543,""45"":1.011924977958315,""46"":1.0124016264435924,""47"":1.0128644502005189,""6"":0.9828132932657104}",0:41.4823584528;6:44.95874242;12:48.6294427217;18:50.0393018075;24:51.6582646581;30:53.4222114841;36:53.6402826523;42:53.9829948758;45:54.2705358159;46:54.3797992837;47:54.4946021775,-0.004084415906346588,False,False
220,regularized_plane_flux_controlled_pressure_outlet,interior_reflection_diagnostic_48,False,True,False,False,False,2,True,0.7,75,linear,1.0,1.0,41.432493079304365,52.817605316924535,52.817605316924535,-11.38511223762017,-16.921064376831055,0.5,0.005,42.65909957885742,6101.78564453125,41.441871643066406,52.858985900878906,-11.4171142578125,-16.921064376831055,-0.004023772664368153,0.004023772664368153,-7.996723070391454e-06,7.996723070391454e-06,0.0005,0.5,0.8047545328736305,0,0,0.0,2,1.0,0,4,0.01818181818181818,52.858985900878906,53.15013122558594,-0.00013312110968399793,0.02827562391757965,0.02465189750229725,0.001890359168241966,1.0125380362364655,1.778226340848904e-05,47.18137083758971,52.66181236632705,52.51087642269522,52.36540659955407,0.9970503594461985,"{""0"":41.432493079304365,""12"":46.82612635286881,""18"":46.00792257537238,""24"":47.18137083758971,""30"":50.159537924251566,""36"":51.41226392089506,""42"":52.093086638701195,""45"":52.51087642269522,""46"":52.66181236632705,""47"":52.817605316924535,""6"":44.39907473147963}","{""0"":0.01994599491033865,""12"":0.022509591177842358,""18"":0.02198456525936853,""24"":0.022404169423446467,""30"":0.02365376437001462,""36"":0.024132536037353883,""42"":0.024371145593260136,""45"":0.02453096301159192,""46"":0.024590182428962125,""47"":0.02465189750229725,""6"":0.021377712607890762}","{""0"":0.9816799705781197,""12"":0.983096728731644,""18"":0.9889843065594455,""24"":0.9952381009021193,""30"":1.0021875017870125,""36"":1.006814869117196,""42"":1.01015678510098,""45"":1.0116231708535626,""46"":1.0120867027114153,""47"":1.0125380362364655,""6"":0.9815124308510854}",0:41.4324930793;6:44.3990747315;12:46.8261263529;18:46.0079225754;24:47.1813708376;30:50.1595379243;36:51.4122639209;42:52.0930866387;45:52.5108764227;46:52.6618123663;47:52.8176053169,-0.00470119006121936,False,False
225,regularized_plane_flux_controlled_pressure_outlet,interior_reflection_diagnostic_48,False,True,False,False,False,2,True,0.7,75,linear,1.0,1.0,41.389651620589824,51.1751991680349,51.1751991680349,-9.785547547445077,-16.29387092590332,0.5,0.005,41.13889694213867,6308.42626953125,41.397789001464844,51.13557052612305,-9.737781524658203,-16.29387092590332,-0.003880786243826151,0.003880786243826151,-7.700317837588955e-06,7.700317837588955e-06,0.0005,0.5,0.7761572487652302,0,0,0.0,2,1.0,0,4,0.017777777777777778,51.13557052612305,51.50117492675781,-0.00027318665524944663,0.02753787487745285,0.02389515612638564,0.001890359168241966,1.0121218432550845,1.5650400248602352e-05,43.36307724952152,50.98350477559098,50.795640255139446,50.611877505558596,0.9962541544427704,"{""0"":41.389651620589824,""12"":44.04556709818331,""18"":42.76441132026873,""24"":43.36307724952152,""30"":46.32165844609921,""36"":49.07168436125059,""42"":50.255848627766866,""45"":50.795640255139446,""46"":50.98350477559098,""47"":51.1751991680349,""6"":43.83937654313824}","{""0"":0.01994720620890139,""12"":0.021165768429099167,""18"":0.020435680243196995,""24"":0.02060717629712035,""30"":0.021870777145529756,""36"":0.023043855288041103,""42"":0.02351996380615595,""45"":0.023738955585689843,""46"":0.023816073816854463,""47"":0.02389515612638564,""6"":0.02113049572039024}","{""0"":0.980605408352129,""12"":0.9834161376288347,""18"":0.9889565897235798,""24"":0.9944299952125278,""30"":1.0009628147844556,""36"":1.0063876950222512,""42"":1.0097984405681633,""45"":1.0112277588794722,""46"":1.0116802789763828,""47"":1.0121218432550845,""6"":0.9804746095365748}",0:41.3896516206;6:43.8393765431;12:44.0455670982;18:42.7644113203;24:43.3630772495;30:46.3216584461;36:49.0716843613;42:50.2558486278;45:50.7956402551;46:50.9835047756;47:51.175199168,-0.005237640235537843,False,False
230,regularized_plane_flux_controlled_pressure_outlet,interior_reflection_diagnostic_48,False,True,False,False,False,2,True,0.7,75,linear,1.0,1.0,41.35289808867884,49.56024404040711,49.56024404040711,-8.207345951728271,-15.567416191101074,0.5,0.005,39.36667251586914,6515.06689453125,41.35985565185547,49.44759750366211,-8.08774185180664,-15.567416191101074,-0.003713700920343399,0.003713700920343399,-7.3570026870584115e-06,7.3570026870584115e-06,0.0005,0.5,0.7427401840686798,0,0,0.0,2,1.0,0,4,0.017391304347826087,49.44759750366211,49.88175582885742,-0.0003974648716393858,0.026810936629772186,0.023152412477591217,0.001890359168241966,1.0116271647591222,1.3255068472943435e-05,40.211392157424385,49.33594868382201,49.11203803106642,48.8872879538744,0.9954742886979686,"{""0"":41.35289808867884,""12"":40.854782000391154,""18"":39.859914483295896,""24"":40.211392157424385,""30"":42.38490818921821,""36"":46.311261613953505,""42"":48.422839857012455,""45"":49.11203803106642,""46"":49.33594868382201,""47"":49.56024404040711,""6"":42.89393318383885}","{""0"":0.019948105919324496,""12"":0.019613040229208244,""18"":0.019046187813814428,""24"":0.019118636523443075,""30"":0.02004194890645133,""36"":0.021768018786654266,""42"":0.02267304043333028,""45"":0.02296311857236795,""46"":0.023057598343919187,""47"":0.023152412477591217,""6"":0.020685129109809672}","{""0"":0.979690514068297,""12"":0.9844037907053708,""18"":0.9890338486106274,""24"":0.9939609386012775,""30"":0.9994380473527206,""36"":1.0054596356047574,""42"":1.0093144618383203,""45"":1.010744933144582,""46"":1.0111915141851104,""47"":1.0116271647591222,""6"":0.9799765367025689}",0:41.3528980887;6:42.8939331838;12:40.8547820004;18:39.8599144833;24:40.2113921574;30:42.3849081892;36:46.311261614;42:48.422839857;45:49.1120380311;46:49.3359486838;47:49.5602440404,-0.005695067134831939,False,False
235,regularized_plane_flux_controlled_pressure_outlet,interior_reflection_diagnostic_48,False,True,False,False,False,2,True,0.7,75,linear,1.0,1.0,41.32091227340638,47.94417476703053,47.94417476703053,-6.6232624936241535,-14.752317428588867,0.5,0.005,37.37262725830078,6701.04345703125,41.32691192626953,47.757545471191406,-6.430633544921875,-14.752317428588867,-0.0035252205561846495,0.0035252205561846495,-6.971794846322155e-06,6.971794846322155e-06,0.0005,0.5,0.7050441112369299,0,0,0.0,2,1.0,0,4,0.01702127659574468,47.757545471191406,48.27107238769531,-0.0005126657779328525,0.026084527373313904,0.02240998710277125,0.001890359168241966,1.0110620060241966,1.0155012906287469e-05,37.42909872356722,47.68422875881528,47.41019203705416,47.117153284055966,0.9945781524141697,"{""0"":41.32091227340638,""12"":38.326541208403,""18"":37.26583678909611,""24"":37.42909872356722,""30"":39.05667639157923,""36"":42.96696250191141,""42"":46.43842886392168,""45"":47.41019203705416,""46"":47.68422875881528,""47"":47.94417476703053,""6"":40.94444414426222}","{""0"":0.01994652691471526,""12"":0.018387053367374367,""18"":0.01780332297688103,""24"":0.017802992202096184,""30"":0.018490320028001366,""36"":0.020227460005068743,""42"":0.021759538878759553,""45"":0.02218042005908212,""46"":0.022298385731903184,""47"":0.02240998710277125,""6"":0.019733623378293496}","{""0"":0.9790102647360421,""12"":0.9850739511909467,""18"":0.9892182049881983,""24"":0.9935745375480904,""30"":0.9982078860184646,""36"":1.0039054880971494,""42"":1.0085986340541695,""45"":1.0101546127989973,""46"":1.010615912355863,""47"":1.0110620060241966,""6"":0.9805314293261512}",0:41.3209122734;6:40.9444441443;12:38.3265412084;18:37.2658367891;24:37.4290987236;30:39.0566763916;36:42.9669625019;42:46.4384288639;45:47.4101920371;46:47.6842287588;47:47.944174767,-0.0060731616292545535,False,False
240,regularized_plane_flux_controlled_pressure_outlet,interior_reflection_diagnostic_48,False,True,False,False,False,2,True,0.7,75,linear,1.0,1.0,41.300505700669945,46.20409563034498,46.20409563034498,-4.903589929675036,-13.849488258361816,0.5,0.005,35.15317916870117,6881.85400390625,41.3023681640625,45.928829193115234,-4.626461029052734,-13.849488258361816,-0.0033161290921270847,0.0033161290921270847,-6.545126780110877e-06,6.545126780110877e-06,0.0005,0.5,0.663225818425417,0,0,0.0,2,1.0,0,4,0.016666666666666666,45.928829193115234,46.57469177246094,-0.0006298436201177537,0.02530749700963497,0.02161025926558233,0.001890359168241966,1.0104259089170646,5.593657083837474e-06,34.99531737046554,45.891041422152874,45.5214320421439,45.08947819786651,0.9932245355325924,"{""0"":41.300505700669945,""12"":36.12634245051477,""18"":34.96978318358627,""24"":34.99531737046554,""30"":36.37726772229131,""36"":39.46914578162633,""42"":44.009966817566685,""45"":45.5214320421439,""46"":45.891041422152874,""47"":46.20409563034498,""6"":38.29037267487421}","{""0"":0.019936175153384757,""12"":0.01732075855018237,""18"":0.016702525841032396,""24"":0.016650550924629547,""30"":0.017237306129366657,""36"":0.018614145362040972,""42"":0.020645875525426443,""45"":0.021313643924680162,""46"":0.021474999913154436,""47"":0.02161025926558233,""6"":0.01842921834116174}","{""0"":0.9790348557646198,""12"":0.9856818871315576,""18"":0.9894396713978852,""24"":0.993259414805131,""30"":0.9973290868821802,""36"":1.0020776093006134,""42"":1.0074332504619496,""45"":1.0093647528911582,""46"":1.009907925568366,""47"":1.0104259089170646,""6"":0.981880225903145}",0:41.3005057007;6:38.2903726749;12:36.1263424505;18:34.9697831836;24:34.9953173705;30:36.3772677223;36:39.4691457816;42:44.0099668176;45:45.5214320421;46:45.8910414222;47:46.2040956303,-0.006364243793422761,False,False
245,regularized_plane_flux_controlled_pressure_outlet,interior_reflection_diagnostic_48,False,True,False,False,False,2,True,0.7,75,linear,1.0,1.0,41.34636018644696,43.98959418584228,43.98959418584228,-2.6432339993953207,-12.83411693572998,0.5,0.005,32.67144775390625,7052.33251953125,41.326263427734375,43.640716552734375,-2.314453125,-12.83411693572998,-0.0030819843523204327,0.0030819843523204327,-6.065272827981971e-06,6.065272827981971e-06,0.0005,0.5,0.6163968704640865,0,0,0.0,2,1.0,0,4,0.0163265306122449,43.640716552734375,44.49593734741211,-0.0008038046071305871,0.024328650906682014,0.02058924607223636,0.001890359168241966,1.0097039078268977,3.321754608754958e-06,32.8959671866177,43.60065051453626,43.091064590135986,42.470392243488504,0.9911582800772644,"{""0"":41.34636018644696,""12"":34.09070170351299,""18"":32.95265806117018,""24"":32.8959671866177,""30"":34.04854794105465,""36"":36.48893971161699,""42"":40.96870172553453,""45"":43.091064590135986,""46"":43.60065051453626,""47"":43.98959418584228,""6"":36.15124398204661}","{""0"":0.019922803042523408,""12"":0.01633389701928467,""18"":0.01573516481297984,""24"":0.015655334542952398,""30"":0.01614638708793956,""36"":0.01723453491772119,""42"":0.01925219442098008,""45"":0.020198821579590298,""46"":0.020422199271919822,""47"":0.02058924607223636,""6"":0.01737959887317447}","{""0"":0.9807797813742283,""12"":0.9863357819715385,""18"":0.9896840370050676,""24"":0.9930250403842764,""30"":0.9965753857828042,""36"":1.0005408984050859,""42"":1.005710438485407,""45"":1.0082224345500168,""46"":1.0089758173166465,""47"":1.0097039078268977,""6"":0.9830251364829635}",0:41.3463601864;6:36.151243982;12:34.0907017035;18:32.9526580612;24:32.8959671866;30:34.0485479411;36:36.4889397116;42:40.9687017255;45:43.0910645901;46:43.6006505145;47:43.9895941858,-0.006542651621811444,False,False
250,regularized_plane_flux_controlled_pressure_outlet,interior_reflection_diagnostic_48,False,True,False,False,False,2,True,0.7,75,linear,1.0,1.0,41.55749459789211,40.79817238872854,40.79817238872854,0.759322209163571,-11.639235496520996,0.5,0.005,29.780162811279297,7207.31298828125,41.50304412841797,40.51874923706055,0.9842948913574219,-11.639235496520996,-0.002808963879942894,0.002808963879942894,-5.500584393303143e-06,5.500584393303143e-06,0.0005,0.5,0.5617927759885788,0,0,0.0,2,1.0,0,4,0.016,41.50304412841797,41.5289192199707,-0.0011807293631136417,0.022908169776201248,0.019111213809832585,0.005671077504725898,1.008874216467311,3.793509281048964e-06,31.07589887207729,40.354686116168935,39.78543813825005,39.11681729973936,0.9891297514914632,"{""0"":41.55749459789211,""12"":32.27862316379201,""18"":31.188668437493163,""24"":31.07589887207729,""30"":32.01643333585055,""36"":34.11006061824571,""42"":37.640313388828744,""45"":39.78543813825005,""46"":40.354686116168935,""47"":40.79817238872854,""6"":34.74753429065608}","{""0"":0.01995347976413448,""12"":0.015455712966358438,""18"":0.014889129129550262,""24"":0.01479185010223572,""30"":0.015192618975774534,""36"":0.01612978893350229,""42"":0.017721074469017023,""45"":0.018676134369554814,""46"":0.018923492631016166,""47"":0.019111213809832585,""6"":0.016683941500055994}","{""0"":0.9842728547934999,""12"":0.9869637735511946,""18"":0.989926763400013,""24"":0.9928435142132646,""30"":0.9959212660451467,""36"":0.9993900373042869,""42"":1.0038045853207378,""45"":1.006766682254795,""46"":1.0078168934482257,""47"":1.008874216467311,""6"":0.9842443358582675}",0:41.5574945979;6:34.7475342907;12:32.2786231638;18:31.1886684375;24:31.0758988721;30:32.0164333359;36:34.1100606182;42:37.6403133888;45:39.7854381383;46:40.3546861162;47:40.7981723887,-0.0065664103097401475,False,False
